"","Municipio","Año","Subtipo.de.delito","ene","feb","mar","abr","may","jun","jul","ago","sep","oct","nov","dic","Total"
"1","Estado de Nayarit",2015,"Abuso sexual",0,0,0,0,0,0,0,0,0,0,0,0,0
"2","Estado de Nayarit",2015,"Acoso sexual",1,0,0,2,1,1,2,0,0,0,0,0,7
"3","Estado de Nayarit",2015,"Feminicidio",0,0,0,0,0,0,0,0,0,0,0,0,0
"4","Estado de Nayarit",2015,"Hostigamiento sexual",0,0,0,0,0,0,0,0,0,0,0,0,0
"5","Estado de Nayarit",2015,"Violación",3,13,8,10,15,13,11,11,9,11,17,7,128
"6","Estado de Nayarit",2015,"Violencia familiar",20,24,42,28,37,26,15,25,39,18,15,9,298
"7","Estado de Nayarit",2016,"Abuso sexual",0,0,0,0,0,0,0,0,0,0,0,0,0
"8","Estado de Nayarit",2016,"Acoso sexual",1,1,0,1,1,0,0,0,0,0,0,0,4
"9","Estado de Nayarit",2016,"Feminicidio",0,0,0,0,0,0,0,0,0,0,0,0,0
"10","Estado de Nayarit",2016,"Hostigamiento sexual",0,0,0,0,0,0,0,0,0,0,0,0,0
"11","Estado de Nayarit",2016,"Violación",7,11,7,7,11,12,6,7,5,8,7,1,89
"12","Estado de Nayarit",2016,"Violencia familiar",19,36,28,44,48,57,23,41,47,50,39,44,476
"13","Estado de Nayarit",2017,"Abuso sexual",0,0,0,0,0,0,0,0,0,0,0,0,0
"14","Estado de Nayarit",2017,"Acoso sexual",0,1,0,0,0,0,0,2,0,0,0,0,3
"15","Estado de Nayarit",2017,"Feminicidio",0,0,0,0,0,1,1,0,1,1,1,0,5
"16","Estado de Nayarit",2017,"Hostigamiento sexual",0,0,0,0,0,0,0,0,0,0,0,0,0
"17","Estado de Nayarit",2017,"Violación",9,8,5,3,12,6,4,7,5,5,8,6,78
"18","Estado de Nayarit",2017,"Violencia familiar",63,54,53,35,55,30,17,32,29,11,28,25,432
"19","Estado de Nayarit",2018,"Abuso sexual",0,0,0,0,0,0,0,0,0,0,0,0,0
"20","Estado de Nayarit",2018,"Acoso sexual",0,0,0,0,0,1,0,0,1,0,0,0,2
"21","Estado de Nayarit",2018,"Feminicidio",0,0,1,1,0,1,0,0,0,0,0,1,4
"22","Estado de Nayarit",2018,"Hostigamiento sexual",0,0,0,0,0,0,0,0,0,0,0,0,0
"23","Estado de Nayarit",2018,"Violación",11,5,8,6,4,8,5,4,6,3,10,6,76
"24","Estado de Nayarit",2018,"Violencia familiar",23,35,37,42,37,21,23,29,46,35,23,53,404
"25","Estado de Nayarit",2019,"Abuso sexual",0,0,0,0,0,0,0,0,0,0,0,0,0
"26","Estado de Nayarit",2019,"Acoso sexual",2,1,3,0,0,1,1,1,0,1,0,0,10
"27","Estado de Nayarit",2019,"Feminicidio",1,1,0,1,0,0,0,0,0,1,0,1,5
"28","Estado de Nayarit",2019,"Hostigamiento sexual",0,0,0,0,0,0,0,0,0,0,0,0,0
"29","Estado de Nayarit",2019,"Violación",8,7,13,13,12,10,13,11,11,13,10,10,131
"30","Estado de Nayarit",2019,"Violencia familiar",34,58,59,62,90,63,67,56,59,86,73,61,768
"31","Estado de Nayarit",2020,"Abuso sexual",0,0,0,0,0,0,0,0,0,0,0,0,0
"32","Estado de Nayarit",2020,"Acoso sexual",0,1,1,0,0,1,0,0,1,1,4,1,10
"33","Estado de Nayarit",2020,"Feminicidio",1,1,0,1,2,2,1,1,1,1,1,0,12
"34","Estado de Nayarit",2020,"Hostigamiento sexual",0,0,0,0,0,0,0,0,0,0,0,0,0
"35","Estado de Nayarit",2020,"Violación",7,5,18,13,7,9,12,17,25,15,10,13,151
"36","Estado de Nayarit",2020,"Violencia familiar",60,97,82,49,48,68,64,74,81,93,79,69,864
"37","Estado de Nayarit",2021,"Abuso sexual",0,0,0,0,0,0,0,0,0,0,0,0,0
"38","Estado de Nayarit",2021,"Acoso sexual",2,1,2,2,1,0,2,0,1,2,0,0,13
"39","Estado de Nayarit",2021,"Feminicidio",0,1,1,0,0,0,0,2,1,0,1,1,7
"40","Estado de Nayarit",2021,"Hostigamiento sexual",0,0,0,0,0,0,0,0,0,0,0,0,0
"41","Estado de Nayarit",2021,"Violación",18,18,19,18,13,10,21,13,21,18,16,16,201
"42","Estado de Nayarit",2021,"Violencia familiar",75,82,82,88,88,92,97,86,107,97,96,73,1063
"43","Estado de Nayarit",2022,"Abuso sexual",0,0,0,0,0,0,0,0,0,0,0,0,0
"44","Estado de Nayarit",2022,"Acoso sexual",1,2,1,1,1,4,2,1,7,8,6,10,44
"45","Estado de Nayarit",2022,"Feminicidio",0,0,0,0,1,0,1,0,0,0,0,0,2
"46","Estado de Nayarit",2022,"Hostigamiento sexual",0,0,0,0,0,0,0,0,0,0,0,0,0
"47","Estado de Nayarit",2022,"Violación",12,13,28,22,26,25,20,38,32,42,30,13,301
"48","Estado de Nayarit",2022,"Violencia familiar",83,113,103,139,173,138,116,223,294,261,194,110,1947
"49","Acaponeta",2015,"Abuso sexual",0,0,0,0,0,0,0,0,0,0,0,0,0
"50","Ahuacatlán",2015,"Abuso sexual",0,0,0,0,0,0,0,0,0,0,0,0,0
"51","Amatlán de Cañas",2015,"Abuso sexual",0,0,0,0,0,0,0,0,0,0,0,0,0
"52","Bahía de Banderas",2015,"Abuso sexual",0,0,0,0,0,0,0,0,0,0,0,0,0
"53","Compostela",2015,"Abuso sexual",0,0,0,0,0,0,0,0,0,0,0,0,0
"54","Del Nayar",2015,"Abuso sexual",0,0,0,0,0,0,0,0,0,0,0,0,0
"55","Huajicori",2015,"Abuso sexual",0,0,0,0,0,0,0,0,0,0,0,0,0
"56","Ixtlán del Río",2015,"Abuso sexual",0,0,0,0,0,0,0,0,0,0,0,0,0
"57","Jala",2015,"Abuso sexual",0,0,0,0,0,0,0,0,0,0,0,0,0
"58","La Yesca",2015,"Abuso sexual",0,0,0,0,0,0,0,0,0,0,0,0,0
"59","Rosamorada",2015,"Abuso sexual",0,0,0,0,0,0,0,0,0,0,0,0,0
"60","Ruíz",2015,"Abuso sexual",0,0,0,0,0,0,0,0,0,0,0,0,0
"61","San Blas",2015,"Abuso sexual",0,0,0,0,0,0,0,0,0,0,0,0,0
"62","San Pedro Lagunillas",2015,"Abuso sexual",0,0,0,0,0,0,0,0,0,0,0,0,0
"63","Santa María del Oro",2015,"Abuso sexual",0,0,0,0,0,0,0,0,0,0,0,0,0
"64","Santiago Ixcuintla",2015,"Abuso sexual",0,0,0,0,0,0,0,0,0,0,0,0,0
"65","Tecuala",2015,"Abuso sexual",0,0,0,0,0,0,0,0,0,0,0,0,0
"66","Tepic",2015,"Abuso sexual",0,0,0,0,0,0,0,0,0,0,0,0,0
"67","Tuxpan",2015,"Abuso sexual",0,0,0,0,0,0,0,0,0,0,0,0,0
"68","Xalisco",2015,"Abuso sexual",0,0,0,0,0,0,0,0,0,0,0,0,0
"69","Acaponeta",2015,"Acoso sexual",0,0,0,0,0,0,0,0,0,0,0,0,0
"70","Ahuacatlán",2015,"Acoso sexual",0,0,0,0,0,0,0,0,0,0,0,0,0
"71","Amatlán de Cañas",2015,"Acoso sexual",0,0,0,0,0,0,0,0,0,0,0,0,0
"72","Bahía de Banderas",2015,"Acoso sexual",0,0,0,0,0,0,1,0,0,0,0,0,1
"73","Compostela",2015,"Acoso sexual",0,0,0,0,0,0,0,0,0,0,0,0,0
"74","Del Nayar",2015,"Acoso sexual",0,0,0,0,0,0,0,0,0,0,0,0,0
"75","Huajicori",2015,"Acoso sexual",0,0,0,0,0,0,0,0,0,0,0,0,0
"76","Ixtlán del Río",2015,"Acoso sexual",0,0,0,0,0,0,0,0,0,0,0,0,0
"77","Jala",2015,"Acoso sexual",0,0,0,0,0,0,0,0,0,0,0,0,0
"78","La Yesca",2015,"Acoso sexual",0,0,0,0,0,0,0,0,0,0,0,0,0
"79","Rosamorada",2015,"Acoso sexual",0,0,0,0,0,0,0,0,0,0,0,0,0
"80","Ruíz",2015,"Acoso sexual",0,0,0,0,0,0,0,0,0,0,0,0,0
"81","San Blas",2015,"Acoso sexual",0,0,0,0,0,0,0,0,0,0,0,0,0
"82","San Pedro Lagunillas",2015,"Acoso sexual",0,0,0,0,0,0,0,0,0,0,0,0,0
"83","Santa María del Oro",2015,"Acoso sexual",0,0,0,0,0,0,0,0,0,0,0,0,0
"84","Santiago Ixcuintla",2015,"Acoso sexual",0,0,0,0,0,0,0,0,0,0,0,0,0
"85","Tecuala",2015,"Acoso sexual",0,0,0,0,0,0,0,0,0,0,0,0,0
"86","Tepic",2015,"Acoso sexual",1,0,0,2,1,1,1,0,0,0,0,0,6
"87","Tuxpan",2015,"Acoso sexual",0,0,0,0,0,0,0,0,0,0,0,0,0
"88","Xalisco",2015,"Acoso sexual",0,0,0,0,0,0,0,0,0,0,0,0,0
"89","Acaponeta",2015,"Feminicidio",0,0,0,0,0,0,0,0,0,0,0,0,0
"90","Ahuacatlán",2015,"Feminicidio",0,0,0,0,0,0,0,0,0,0,0,0,0
"91","Amatlán de Cañas",2015,"Feminicidio",0,0,0,0,0,0,0,0,0,0,0,0,0
"92","Bahía de Banderas",2015,"Feminicidio",0,0,0,0,0,0,0,0,0,0,0,0,0
"93","Compostela",2015,"Feminicidio",0,0,0,0,0,0,0,0,0,0,0,0,0
"94","Del Nayar",2015,"Feminicidio",0,0,0,0,0,0,0,0,0,0,0,0,0
"95","Huajicori",2015,"Feminicidio",0,0,0,0,0,0,0,0,0,0,0,0,0
"96","Ixtlán del Río",2015,"Feminicidio",0,0,0,0,0,0,0,0,0,0,0,0,0
"97","Jala",2015,"Feminicidio",0,0,0,0,0,0,0,0,0,0,0,0,0
"98","La Yesca",2015,"Feminicidio",0,0,0,0,0,0,0,0,0,0,0,0,0
"99","Rosamorada",2015,"Feminicidio",0,0,0,0,0,0,0,0,0,0,0,0,0
"100","Ruíz",2015,"Feminicidio",0,0,0,0,0,0,0,0,0,0,0,0,0
"101","San Blas",2015,"Feminicidio",0,0,0,0,0,0,0,0,0,0,0,0,0
"102","San Pedro Lagunillas",2015,"Feminicidio",0,0,0,0,0,0,0,0,0,0,0,0,0
"103","Santa María del Oro",2015,"Feminicidio",0,0,0,0,0,0,0,0,0,0,0,0,0
"104","Santiago Ixcuintla",2015,"Feminicidio",0,0,0,0,0,0,0,0,0,0,0,0,0
"105","Tecuala",2015,"Feminicidio",0,0,0,0,0,0,0,0,0,0,0,0,0
"106","Tepic",2015,"Feminicidio",0,0,0,0,0,0,0,0,0,0,0,0,0
"107","Tuxpan",2015,"Feminicidio",0,0,0,0,0,0,0,0,0,0,0,0,0
"108","Xalisco",2015,"Feminicidio",0,0,0,0,0,0,0,0,0,0,0,0,0
"109","Acaponeta",2015,"Hostigamiento sexual",0,0,0,0,0,0,0,0,0,0,0,0,0
"110","Ahuacatlán",2015,"Hostigamiento sexual",0,0,0,0,0,0,0,0,0,0,0,0,0
"111","Amatlán de Cañas",2015,"Hostigamiento sexual",0,0,0,0,0,0,0,0,0,0,0,0,0
"112","Bahía de Banderas",2015,"Hostigamiento sexual",0,0,0,0,0,0,0,0,0,0,0,0,0
"113","Compostela",2015,"Hostigamiento sexual",0,0,0,0,0,0,0,0,0,0,0,0,0
"114","Del Nayar",2015,"Hostigamiento sexual",0,0,0,0,0,0,0,0,0,0,0,0,0
"115","Huajicori",2015,"Hostigamiento sexual",0,0,0,0,0,0,0,0,0,0,0,0,0
"116","Ixtlán del Río",2015,"Hostigamiento sexual",0,0,0,0,0,0,0,0,0,0,0,0,0
"117","Jala",2015,"Hostigamiento sexual",0,0,0,0,0,0,0,0,0,0,0,0,0
"118","La Yesca",2015,"Hostigamiento sexual",0,0,0,0,0,0,0,0,0,0,0,0,0
"119","Rosamorada",2015,"Hostigamiento sexual",0,0,0,0,0,0,0,0,0,0,0,0,0
"120","Ruíz",2015,"Hostigamiento sexual",0,0,0,0,0,0,0,0,0,0,0,0,0
"121","San Blas",2015,"Hostigamiento sexual",0,0,0,0,0,0,0,0,0,0,0,0,0
"122","San Pedro Lagunillas",2015,"Hostigamiento sexual",0,0,0,0,0,0,0,0,0,0,0,0,0
"123","Santa María del Oro",2015,"Hostigamiento sexual",0,0,0,0,0,0,0,0,0,0,0,0,0
"124","Santiago Ixcuintla",2015,"Hostigamiento sexual",0,0,0,0,0,0,0,0,0,0,0,0,0
"125","Tecuala",2015,"Hostigamiento sexual",0,0,0,0,0,0,0,0,0,0,0,0,0
"126","Tepic",2015,"Hostigamiento sexual",0,0,0,0,0,0,0,0,0,0,0,0,0
"127","Tuxpan",2015,"Hostigamiento sexual",0,0,0,0,0,0,0,0,0,0,0,0,0
"128","Xalisco",2015,"Hostigamiento sexual",0,0,0,0,0,0,0,0,0,0,0,0,0
"129","Acaponeta",2015,"Violación",0,0,0,0,0,0,0,2,0,0,0,0,2
"130","Ahuacatlán",2015,"Violación",0,0,0,0,0,0,0,0,0,0,0,0,0
"131","Amatlán de Cañas",2015,"Violación",0,0,0,0,0,0,0,0,0,0,0,0,0
"132","Bahía de Banderas",2015,"Violación",0,1,0,0,0,0,0,0,0,0,0,0,1
"133","Compostela",2015,"Violación",0,0,0,0,0,0,0,0,0,0,0,0,0
"134","Del Nayar",2015,"Violación",0,0,0,0,0,0,0,0,0,0,0,0,0
"135","Huajicori",2015,"Violación",0,0,0,0,0,0,0,0,0,0,0,0,0
"136","Ixtlán del Río",2015,"Violación",0,0,0,0,0,0,0,0,0,0,0,0,0
"137","Jala",2015,"Violación",0,0,0,0,0,0,0,0,0,0,0,0,0
"138","La Yesca",2015,"Violación",0,0,0,0,0,0,0,0,0,0,0,0,0
"139","Rosamorada",2015,"Violación",0,0,0,0,0,0,0,0,0,0,0,0,0
"140","Ruíz",2015,"Violación",0,0,0,0,0,0,0,0,0,0,0,0,0
"141","San Blas",2015,"Violación",0,0,0,0,0,0,0,0,0,0,0,0,0
"142","San Pedro Lagunillas",2015,"Violación",0,0,0,0,0,0,0,0,0,0,0,0,0
"143","Santa María del Oro",2015,"Violación",0,0,0,0,0,0,1,0,0,0,0,0,1
"144","Santiago Ixcuintla",2015,"Violación",0,0,0,0,0,1,0,0,0,0,0,0,1
"145","Tecuala",2015,"Violación",0,0,0,0,0,0,0,0,0,0,0,0,0
"146","Tepic",2015,"Violación",0,0,0,0,0,0,0,1,1,0,0,0,2
"147","Tuxpan",2015,"Violación",0,0,0,0,0,0,0,0,0,0,0,0,0
"148","Xalisco",2015,"Violación",0,0,0,0,0,0,0,0,0,0,0,0,0
"149","Acaponeta",2015,"Violación",0,0,0,0,1,0,0,0,0,0,0,0,1
"150","Ahuacatlán",2015,"Violación",0,1,0,0,0,0,0,0,0,0,0,0,1
"151","Amatlán de Cañas",2015,"Violación",0,0,0,0,0,0,0,0,0,0,0,0,0
"152","Bahía de Banderas",2015,"Violación",2,2,1,0,0,3,0,1,0,1,2,1,13
"153","Compostela",2015,"Violación",0,0,0,0,0,0,1,0,0,0,1,0,2
"154","Del Nayar",2015,"Violación",0,0,1,1,0,1,0,0,0,0,0,1,4
"155","Huajicori",2015,"Violación",0,0,0,0,0,0,0,0,0,0,0,0,0
"156","Ixtlán del Río",2015,"Violación",0,0,0,0,0,0,0,0,0,0,1,0,1
"157","Jala",2015,"Violación",1,0,0,0,0,0,0,0,2,1,0,0,4
"158","La Yesca",2015,"Violación",0,1,0,0,0,0,0,0,0,0,0,0,1
"159","Rosamorada",2015,"Violación",0,0,0,1,0,0,0,0,0,0,0,0,1
"160","Ruíz",2015,"Violación",0,1,1,0,1,0,0,0,0,4,1,1,9
"161","San Blas",2015,"Violación",0,0,0,0,0,0,0,0,0,0,0,0,0
"162","San Pedro Lagunillas",2015,"Violación",0,0,0,0,0,0,0,0,0,0,1,0,1
"163","Santa María del Oro",2015,"Violación",0,0,0,0,0,0,0,0,0,0,0,0,0
"164","Santiago Ixcuintla",2015,"Violación",0,0,0,0,0,0,0,0,0,0,0,0,0
"165","Tecuala",2015,"Violación",0,0,1,0,0,0,0,0,0,0,0,0,1
"166","Tepic",2015,"Violación",0,7,4,7,13,7,9,7,6,5,11,3,79
"167","Tuxpan",2015,"Violación",0,0,0,0,0,0,0,0,0,0,0,1,1
"168","Xalisco",2015,"Violación",0,0,0,1,0,1,0,0,0,0,0,0,2
"169","Acaponeta",2015,"Violencia familiar",0,1,1,1,0,0,0,2,1,0,0,0,6
"170","Ahuacatlán",2015,"Violencia familiar",0,0,0,0,0,0,1,0,0,0,0,0,1
"171","Amatlán de Cañas",2015,"Violencia familiar",0,0,0,0,0,0,0,0,0,0,0,0,0
"172","Bahía de Banderas",2015,"Violencia familiar",3,1,5,6,3,2,2,4,5,2,1,2,36
"173","Compostela",2015,"Violencia familiar",3,1,1,1,4,2,3,2,2,2,1,2,24
"174","Del Nayar",2015,"Violencia familiar",0,3,0,0,0,0,0,0,0,0,0,0,3
"175","Huajicori",2015,"Violencia familiar",0,0,0,0,1,1,0,0,0,1,0,0,3
"176","Ixtlán del Río",2015,"Violencia familiar",0,1,0,0,0,0,1,2,2,1,0,0,7
"177","Jala",2015,"Violencia familiar",0,0,0,0,0,0,0,0,0,0,0,0,0
"178","La Yesca",2015,"Violencia familiar",0,1,0,0,0,0,0,0,0,0,0,0,1
"179","Rosamorada",2015,"Violencia familiar",0,0,0,2,0,2,1,0,1,0,2,0,8
"180","Ruíz",2015,"Violencia familiar",1,0,0,2,0,1,0,0,0,0,0,0,4
"181","San Blas",2015,"Violencia familiar",0,0,0,1,1,0,0,0,1,0,0,0,3
"182","San Pedro Lagunillas",2015,"Violencia familiar",0,1,1,0,0,1,0,0,1,0,1,0,5
"183","Santa María del Oro",2015,"Violencia familiar",0,0,0,0,0,0,0,0,0,0,0,0,0
"184","Santiago Ixcuintla",2015,"Violencia familiar",6,2,0,1,2,2,2,1,4,1,0,1,22
"185","Tecuala",2015,"Violencia familiar",1,0,0,0,0,0,2,1,0,0,1,0,5
"186","Tepic",2015,"Violencia familiar",6,11,32,14,26,13,2,13,22,10,8,4,161
"187","Tuxpan",2015,"Violencia familiar",0,2,2,0,0,2,1,0,0,1,1,0,9
"188","Xalisco",2015,"Violencia familiar",0,0,0,0,0,0,0,0,0,0,0,0,0
"189","Acaponeta",2016,"Abuso sexual",0,0,0,0,0,0,0,0,0,0,0,0,0
"190","Ahuacatlán",2016,"Abuso sexual",0,0,0,0,0,0,0,0,0,0,0,0,0
"191","Amatlán de Cañas",2016,"Abuso sexual",0,0,0,0,0,0,0,0,0,0,0,0,0
"192","Bahía de Banderas",2016,"Abuso sexual",0,0,0,0,0,0,0,0,0,0,0,0,0
"193","Compostela",2016,"Abuso sexual",0,0,0,0,0,0,0,0,0,0,0,0,0
"194","Del Nayar",2016,"Abuso sexual",0,0,0,0,0,0,0,0,0,0,0,0,0
"195","Huajicori",2016,"Abuso sexual",0,0,0,0,0,0,0,0,0,0,0,0,0
"196","Ixtlán del Río",2016,"Abuso sexual",0,0,0,0,0,0,0,0,0,0,0,0,0
"197","Jala",2016,"Abuso sexual",0,0,0,0,0,0,0,0,0,0,0,0,0
"198","La Yesca",2016,"Abuso sexual",0,0,0,0,0,0,0,0,0,0,0,0,0
"199","Rosamorada",2016,"Abuso sexual",0,0,0,0,0,0,0,0,0,0,0,0,0
"200","Ruíz",2016,"Abuso sexual",0,0,0,0,0,0,0,0,0,0,0,0,0
"201","San Blas",2016,"Abuso sexual",0,0,0,0,0,0,0,0,0,0,0,0,0
"202","San Pedro Lagunillas",2016,"Abuso sexual",0,0,0,0,0,0,0,0,0,0,0,0,0
"203","Santa María del Oro",2016,"Abuso sexual",0,0,0,0,0,0,0,0,0,0,0,0,0
"204","Santiago Ixcuintla",2016,"Abuso sexual",0,0,0,0,0,0,0,0,0,0,0,0,0
"205","Tecuala",2016,"Abuso sexual",0,0,0,0,0,0,0,0,0,0,0,0,0
"206","Tepic",2016,"Abuso sexual",0,0,0,0,0,0,0,0,0,0,0,0,0
"207","Tuxpan",2016,"Abuso sexual",0,0,0,0,0,0,0,0,0,0,0,0,0
"208","Xalisco",2016,"Abuso sexual",0,0,0,0,0,0,0,0,0,0,0,0,0
"209","Acaponeta",2016,"Acoso sexual",0,0,0,0,0,0,0,0,0,0,0,0,0
"210","Ahuacatlán",2016,"Acoso sexual",0,0,0,0,0,0,0,0,0,0,0,0,0
"211","Amatlán de Cañas",2016,"Acoso sexual",0,0,0,0,0,0,0,0,0,0,0,0,0
"212","Bahía de Banderas",2016,"Acoso sexual",0,0,0,0,0,0,0,0,0,0,0,0,0
"213","Compostela",2016,"Acoso sexual",0,0,0,0,0,0,0,0,0,0,0,0,0
"214","Del Nayar",2016,"Acoso sexual",0,0,0,0,0,0,0,0,0,0,0,0,0
"215","Huajicori",2016,"Acoso sexual",0,0,0,0,0,0,0,0,0,0,0,0,0
"216","Ixtlán del Río",2016,"Acoso sexual",0,0,0,0,0,0,0,0,0,0,0,0,0
"217","Jala",2016,"Acoso sexual",0,0,0,0,0,0,0,0,0,0,0,0,0
"218","La Yesca",2016,"Acoso sexual",0,0,0,0,0,0,0,0,0,0,0,0,0
"219","Rosamorada",2016,"Acoso sexual",0,0,0,0,0,0,0,0,0,0,0,0,0
"220","Ruíz",2016,"Acoso sexual",0,0,0,0,0,0,0,0,0,0,0,0,0
"221","San Blas",2016,"Acoso sexual",0,0,0,0,0,0,0,0,0,0,0,0,0
"222","San Pedro Lagunillas",2016,"Acoso sexual",0,0,0,0,0,0,0,0,0,0,0,0,0
"223","Santa María del Oro",2016,"Acoso sexual",0,0,0,0,0,0,0,0,0,0,0,0,0
"224","Santiago Ixcuintla",2016,"Acoso sexual",0,0,0,0,0,0,0,0,0,0,0,0,0
"225","Tecuala",2016,"Acoso sexual",0,0,0,0,0,0,0,0,0,0,0,0,0
"226","Tepic",2016,"Acoso sexual",1,1,0,1,1,0,0,0,0,0,0,0,4
"227","Tuxpan",2016,"Acoso sexual",0,0,0,0,0,0,0,0,0,0,0,0,0
"228","Xalisco",2016,"Acoso sexual",0,0,0,0,0,0,0,0,0,0,0,0,0
"229","Acaponeta",2016,"Feminicidio",0,0,0,0,0,0,0,0,0,0,0,0,0
"230","Ahuacatlán",2016,"Feminicidio",0,0,0,0,0,0,0,0,0,0,0,0,0
"231","Amatlán de Cañas",2016,"Feminicidio",0,0,0,0,0,0,0,0,0,0,0,0,0
"232","Bahía de Banderas",2016,"Feminicidio",0,0,0,0,0,0,0,0,0,0,0,0,0
"233","Compostela",2016,"Feminicidio",0,0,0,0,0,0,0,0,0,0,0,0,0
"234","Del Nayar",2016,"Feminicidio",0,0,0,0,0,0,0,0,0,0,0,0,0
"235","Huajicori",2016,"Feminicidio",0,0,0,0,0,0,0,0,0,0,0,0,0
"236","Ixtlán del Río",2016,"Feminicidio",0,0,0,0,0,0,0,0,0,0,0,0,0
"237","Jala",2016,"Feminicidio",0,0,0,0,0,0,0,0,0,0,0,0,0
"238","La Yesca",2016,"Feminicidio",0,0,0,0,0,0,0,0,0,0,0,0,0
"239","Rosamorada",2016,"Feminicidio",0,0,0,0,0,0,0,0,0,0,0,0,0
"240","Ruíz",2016,"Feminicidio",0,0,0,0,0,0,0,0,0,0,0,0,0
"241","San Blas",2016,"Feminicidio",0,0,0,0,0,0,0,0,0,0,0,0,0
"242","San Pedro Lagunillas",2016,"Feminicidio",0,0,0,0,0,0,0,0,0,0,0,0,0
"243","Santa María del Oro",2016,"Feminicidio",0,0,0,0,0,0,0,0,0,0,0,0,0
"244","Santiago Ixcuintla",2016,"Feminicidio",0,0,0,0,0,0,0,0,0,0,0,0,0
"245","Tecuala",2016,"Feminicidio",0,0,0,0,0,0,0,0,0,0,0,0,0
"246","Tepic",2016,"Feminicidio",0,0,0,0,0,0,0,0,0,0,0,0,0
"247","Tuxpan",2016,"Feminicidio",0,0,0,0,0,0,0,0,0,0,0,0,0
"248","Xalisco",2016,"Feminicidio",0,0,0,0,0,0,0,0,0,0,0,0,0
"249","Acaponeta",2016,"Hostigamiento sexual",0,0,0,0,0,0,0,0,0,0,0,0,0
"250","Ahuacatlán",2016,"Hostigamiento sexual",0,0,0,0,0,0,0,0,0,0,0,0,0
"251","Amatlán de Cañas",2016,"Hostigamiento sexual",0,0,0,0,0,0,0,0,0,0,0,0,0
"252","Bahía de Banderas",2016,"Hostigamiento sexual",0,0,0,0,0,0,0,0,0,0,0,0,0
"253","Compostela",2016,"Hostigamiento sexual",0,0,0,0,0,0,0,0,0,0,0,0,0
"254","Del Nayar",2016,"Hostigamiento sexual",0,0,0,0,0,0,0,0,0,0,0,0,0
"255","Huajicori",2016,"Hostigamiento sexual",0,0,0,0,0,0,0,0,0,0,0,0,0
"256","Ixtlán del Río",2016,"Hostigamiento sexual",0,0,0,0,0,0,0,0,0,0,0,0,0
"257","Jala",2016,"Hostigamiento sexual",0,0,0,0,0,0,0,0,0,0,0,0,0
"258","La Yesca",2016,"Hostigamiento sexual",0,0,0,0,0,0,0,0,0,0,0,0,0
"259","Rosamorada",2016,"Hostigamiento sexual",0,0,0,0,0,0,0,0,0,0,0,0,0
"260","Ruíz",2016,"Hostigamiento sexual",0,0,0,0,0,0,0,0,0,0,0,0,0
"261","San Blas",2016,"Hostigamiento sexual",0,0,0,0,0,0,0,0,0,0,0,0,0
"262","San Pedro Lagunillas",2016,"Hostigamiento sexual",0,0,0,0,0,0,0,0,0,0,0,0,0
"263","Santa María del Oro",2016,"Hostigamiento sexual",0,0,0,0,0,0,0,0,0,0,0,0,0
"264","Santiago Ixcuintla",2016,"Hostigamiento sexual",0,0,0,0,0,0,0,0,0,0,0,0,0
"265","Tecuala",2016,"Hostigamiento sexual",0,0,0,0,0,0,0,0,0,0,0,0,0
"266","Tepic",2016,"Hostigamiento sexual",0,0,0,0,0,0,0,0,0,0,0,0,0
"267","Tuxpan",2016,"Hostigamiento sexual",0,0,0,0,0,0,0,0,0,0,0,0,0
"268","Xalisco",2016,"Hostigamiento sexual",0,0,0,0,0,0,0,0,0,0,0,0,0
"269","Acaponeta",2016,"Violación",0,0,0,0,0,1,0,0,0,0,0,0,1
"270","Ahuacatlán",2016,"Violación",0,0,0,0,0,0,0,0,0,0,0,0,0
"271","Amatlán de Cañas",2016,"Violación",0,0,0,0,0,0,0,0,0,0,0,0,0
"272","Bahía de Banderas",2016,"Violación",0,0,0,0,0,1,0,0,0,0,0,0,1
"273","Compostela",2016,"Violación",0,0,0,0,0,0,0,0,0,1,0,0,1
"274","Del Nayar",2016,"Violación",0,0,1,0,0,0,0,0,0,0,0,0,1
"275","Huajicori",2016,"Violación",0,0,0,0,0,0,0,0,0,0,0,0,0
"276","Ixtlán del Río",2016,"Violación",0,0,0,0,0,0,0,0,0,0,0,0,0
"277","Jala",2016,"Violación",0,0,0,0,0,0,0,0,0,0,0,0,0
"278","La Yesca",2016,"Violación",0,0,0,0,0,0,0,0,0,0,0,0,0
"279","Rosamorada",2016,"Violación",0,0,0,0,0,0,0,0,0,0,0,0,0
"280","Ruíz",2016,"Violación",0,0,0,0,1,0,0,0,0,0,0,0,1
"281","San Blas",2016,"Violación",0,0,0,0,0,0,0,0,0,0,1,0,1
"282","San Pedro Lagunillas",2016,"Violación",0,0,0,0,0,0,0,0,0,0,0,0,0
"283","Santa María del Oro",2016,"Violación",1,0,0,0,0,0,0,0,0,0,0,0,1
"284","Santiago Ixcuintla",2016,"Violación",0,0,0,0,0,0,0,0,0,1,0,0,1
"285","Tecuala",2016,"Violación",0,0,0,0,0,0,0,0,0,0,0,0,0
"286","Tepic",2016,"Violación",0,0,0,0,0,0,0,0,0,0,0,0,0
"287","Tuxpan",2016,"Violación",0,0,0,0,0,0,0,0,0,0,0,0,0
"288","Xalisco",2016,"Violación",0,0,0,0,0,0,0,0,0,0,0,0,0
"289","Acaponeta",2016,"Violación",0,0,0,0,0,0,0,0,1,0,0,0,1
"290","Ahuacatlán",2016,"Violación",0,0,0,0,0,0,0,0,0,0,0,0,0
"291","Amatlán de Cañas",2016,"Violación",0,0,0,1,0,0,0,0,0,0,0,0,1
"292","Bahía de Banderas",2016,"Violación",1,0,0,2,0,1,0,2,0,0,1,0,7
"293","Compostela",2016,"Violación",1,1,1,1,0,0,0,1,1,0,0,0,6
"294","Del Nayar",2016,"Violación",1,0,1,0,0,1,0,0,0,0,0,0,3
"295","Huajicori",2016,"Violación",0,0,0,0,0,0,0,0,0,0,0,0,0
"296","Ixtlán del Río",2016,"Violación",0,1,0,0,2,1,0,0,0,0,0,0,4
"297","Jala",2016,"Violación",0,0,0,0,0,0,0,0,0,0,0,0,0
"298","La Yesca",2016,"Violación",0,0,0,0,0,0,0,0,0,0,1,0,1
"299","Rosamorada",2016,"Violación",0,0,0,0,0,0,0,0,0,0,0,0,0
"300","Ruíz",2016,"Violación",0,1,0,0,1,1,0,0,0,0,0,0,3
"301","San Blas",2016,"Violación",0,0,0,0,0,0,0,1,0,1,0,0,2
"302","San Pedro Lagunillas",2016,"Violación",0,0,0,0,0,0,0,0,0,0,0,0,0
"303","Santa María del Oro",2016,"Violación",0,0,0,0,0,0,0,0,0,0,0,0,0
"304","Santiago Ixcuintla",2016,"Violación",2,1,0,0,0,0,2,1,0,0,0,1,7
"305","Tecuala",2016,"Violación",0,0,0,0,0,0,0,0,0,0,0,0,0
"306","Tepic",2016,"Violación",1,7,4,3,7,5,4,2,2,5,3,0,43
"307","Tuxpan",2016,"Violación",0,0,0,0,0,1,0,0,1,0,1,0,3
"308","Xalisco",2016,"Violación",0,0,0,0,0,0,0,0,0,0,0,0,0
"309","Acaponeta",2016,"Violencia familiar",0,0,0,2,0,1,0,0,1,0,0,1,5
"310","Ahuacatlán",2016,"Violencia familiar",0,0,0,0,0,0,0,0,0,0,0,0,0
"311","Amatlán de Cañas",2016,"Violencia familiar",0,0,0,0,0,0,0,0,0,0,0,0,0
"312","Bahía de Banderas",2016,"Violencia familiar",1,3,4,3,3,2,0,0,2,0,0,1,19
"313","Compostela",2016,"Violencia familiar",1,0,1,3,1,1,0,0,0,2,1,0,10
"314","Del Nayar",2016,"Violencia familiar",0,1,0,0,0,0,0,0,0,0,0,0,1
"315","Huajicori",2016,"Violencia familiar",0,0,0,0,0,0,0,0,0,0,0,0,0
"316","Ixtlán del Río",2016,"Violencia familiar",0,1,1,2,0,1,1,0,0,1,1,0,8
"317","Jala",2016,"Violencia familiar",0,0,0,0,0,0,0,0,0,0,0,0,0
"318","La Yesca",2016,"Violencia familiar",0,0,0,0,0,0,0,0,0,0,0,0,0
"319","Rosamorada",2016,"Violencia familiar",0,1,0,2,0,0,0,0,0,0,0,0,3
"320","Ruíz",2016,"Violencia familiar",1,0,1,0,0,1,0,0,0,1,0,0,4
"321","San Blas",2016,"Violencia familiar",0,2,0,0,2,1,0,1,0,1,0,2,9
"322","San Pedro Lagunillas",2016,"Violencia familiar",0,0,0,0,0,0,0,0,0,1,0,0,1
"323","Santa María del Oro",2016,"Violencia familiar",0,0,0,0,0,0,1,1,0,1,0,2,5
"324","Santiago Ixcuintla",2016,"Violencia familiar",0,2,1,2,3,2,1,1,2,0,3,0,17
"325","Tecuala",2016,"Violencia familiar",0,2,0,3,1,0,0,1,0,1,0,0,8
"326","Tepic",2016,"Violencia familiar",16,24,20,27,37,46,20,37,42,40,33,35,377
"327","Tuxpan",2016,"Violencia familiar",0,0,0,0,1,1,0,0,0,1,0,1,4
"328","Xalisco",2016,"Violencia familiar",0,0,0,0,0,1,0,0,0,1,1,2,5
"329","Acaponeta",2017,"Abuso sexual",0,0,0,0,0,0,0,0,0,0,0,0,0
"330","Ahuacatlán",2017,"Abuso sexual",0,0,0,0,0,0,0,0,0,0,0,0,0
"331","Amatlán de Cañas",2017,"Abuso sexual",0,0,0,0,0,0,0,0,0,0,0,0,0
"332","Bahía de Banderas",2017,"Abuso sexual",0,0,0,0,0,0,0,0,0,0,0,0,0
"333","Compostela",2017,"Abuso sexual",0,0,0,0,0,0,0,0,0,0,0,0,0
"334","Del Nayar",2017,"Abuso sexual",0,0,0,0,0,0,0,0,0,0,0,0,0
"335","Huajicori",2017,"Abuso sexual",0,0,0,0,0,0,0,0,0,0,0,0,0
"336","Ixtlán del Río",2017,"Abuso sexual",0,0,0,0,0,0,0,0,0,0,0,0,0
"337","Jala",2017,"Abuso sexual",0,0,0,0,0,0,0,0,0,0,0,0,0
"338","La Yesca",2017,"Abuso sexual",0,0,0,0,0,0,0,0,0,0,0,0,0
"339","Rosamorada",2017,"Abuso sexual",0,0,0,0,0,0,0,0,0,0,0,0,0
"340","Ruíz",2017,"Abuso sexual",0,0,0,0,0,0,0,0,0,0,0,0,0
"341","San Blas",2017,"Abuso sexual",0,0,0,0,0,0,0,0,0,0,0,0,0
"342","San Pedro Lagunillas",2017,"Abuso sexual",0,0,0,0,0,0,0,0,0,0,0,0,0
"343","Santa María del Oro",2017,"Abuso sexual",0,0,0,0,0,0,0,0,0,0,0,0,0
"344","Santiago Ixcuintla",2017,"Abuso sexual",0,0,0,0,0,0,0,0,0,0,0,0,0
"345","Tecuala",2017,"Abuso sexual",0,0,0,0,0,0,0,0,0,0,0,0,0
"346","Tepic",2017,"Abuso sexual",0,0,0,0,0,0,0,0,0,0,0,0,0
"347","Tuxpan",2017,"Abuso sexual",0,0,0,0,0,0,0,0,0,0,0,0,0
"348","Xalisco",2017,"Abuso sexual",0,0,0,0,0,0,0,0,0,0,0,0,0
"349","Acaponeta",2017,"Acoso sexual",0,0,0,0,0,0,0,0,0,0,0,0,0
"350","Ahuacatlán",2017,"Acoso sexual",0,0,0,0,0,0,0,0,0,0,0,0,0
"351","Amatlán de Cañas",2017,"Acoso sexual",0,0,0,0,0,0,0,0,0,0,0,0,0
"352","Bahía de Banderas",2017,"Acoso sexual",0,0,0,0,0,0,0,0,0,0,0,0,0
"353","Compostela",2017,"Acoso sexual",0,0,0,0,0,0,0,0,0,0,0,0,0
"354","Del Nayar",2017,"Acoso sexual",0,0,0,0,0,0,0,0,0,0,0,0,0
"355","Huajicori",2017,"Acoso sexual",0,0,0,0,0,0,0,0,0,0,0,0,0
"356","Ixtlán del Río",2017,"Acoso sexual",0,0,0,0,0,0,0,0,0,0,0,0,0
"357","Jala",2017,"Acoso sexual",0,0,0,0,0,0,0,0,0,0,0,0,0
"358","La Yesca",2017,"Acoso sexual",0,0,0,0,0,0,0,0,0,0,0,0,0
"359","Rosamorada",2017,"Acoso sexual",0,0,0,0,0,0,0,0,0,0,0,0,0
"360","Ruíz",2017,"Acoso sexual",0,0,0,0,0,0,0,0,0,0,0,0,0
"361","San Blas",2017,"Acoso sexual",0,0,0,0,0,0,0,0,0,0,0,0,0
"362","San Pedro Lagunillas",2017,"Acoso sexual",0,0,0,0,0,0,0,0,0,0,0,0,0
"363","Santa María del Oro",2017,"Acoso sexual",0,0,0,0,0,0,0,0,0,0,0,0,0
"364","Santiago Ixcuintla",2017,"Acoso sexual",0,0,0,0,0,0,0,0,0,0,0,0,0
"365","Tecuala",2017,"Acoso sexual",0,0,0,0,0,0,0,1,0,0,0,0,1
"366","Tepic",2017,"Acoso sexual",0,1,0,0,0,0,0,1,0,0,0,0,2
"367","Tuxpan",2017,"Acoso sexual",0,0,0,0,0,0,0,0,0,0,0,0,0
"368","Xalisco",2017,"Acoso sexual",0,0,0,0,0,0,0,0,0,0,0,0,0
"369","Acaponeta",2017,"Feminicidio",0,0,0,0,0,0,0,0,0,0,0,0,0
"370","Ahuacatlán",2017,"Feminicidio",0,0,0,0,0,0,0,0,0,0,0,0,0
"371","Amatlán de Cañas",2017,"Feminicidio",0,0,0,0,0,0,0,0,0,0,0,0,0
"372","Bahía de Banderas",2017,"Feminicidio",0,0,0,0,0,0,0,0,0,0,0,0,0
"373","Compostela",2017,"Feminicidio",0,0,0,0,0,0,0,0,0,0,0,0,0
"374","Del Nayar",2017,"Feminicidio",0,0,0,0,0,0,0,0,0,0,0,0,0
"375","Huajicori",2017,"Feminicidio",0,0,0,0,0,0,0,0,0,0,0,0,0
"376","Ixtlán del Río",2017,"Feminicidio",0,0,0,0,0,0,0,0,0,0,0,0,0
"377","Jala",2017,"Feminicidio",0,0,0,0,0,0,0,0,0,0,0,0,0
"378","La Yesca",2017,"Feminicidio",0,0,0,0,0,0,0,0,0,0,0,0,0
"379","Rosamorada",2017,"Feminicidio",0,0,0,0,0,0,0,0,0,0,0,0,0
"380","Ruíz",2017,"Feminicidio",0,0,0,0,0,0,0,0,0,0,0,0,0
"381","San Blas",2017,"Feminicidio",0,0,0,0,0,0,0,0,0,0,0,0,0
"382","San Pedro Lagunillas",2017,"Feminicidio",0,0,0,0,0,0,0,0,0,0,0,0,0
"383","Santa María del Oro",2017,"Feminicidio",0,0,0,0,0,0,0,0,0,0,0,0,0
"384","Santiago Ixcuintla",2017,"Feminicidio",0,0,0,0,0,0,0,0,0,0,0,0,0
"385","Tecuala",2017,"Feminicidio",0,0,0,0,0,0,0,0,1,0,0,0,1
"386","Tepic",2017,"Feminicidio",0,0,0,0,0,1,1,0,0,1,1,0,4
"387","Tuxpan",2017,"Feminicidio",0,0,0,0,0,0,0,0,0,0,0,0,0
"388","Xalisco",2017,"Feminicidio",0,0,0,0,0,0,0,0,0,0,0,0,0
"389","Acaponeta",2017,"Hostigamiento sexual",0,0,0,0,0,0,0,0,0,0,0,0,0
"390","Ahuacatlán",2017,"Hostigamiento sexual",0,0,0,0,0,0,0,0,0,0,0,0,0
"391","Amatlán de Cañas",2017,"Hostigamiento sexual",0,0,0,0,0,0,0,0,0,0,0,0,0
"392","Bahía de Banderas",2017,"Hostigamiento sexual",0,0,0,0,0,0,0,0,0,0,0,0,0
"393","Compostela",2017,"Hostigamiento sexual",0,0,0,0,0,0,0,0,0,0,0,0,0
"394","Del Nayar",2017,"Hostigamiento sexual",0,0,0,0,0,0,0,0,0,0,0,0,0
"395","Huajicori",2017,"Hostigamiento sexual",0,0,0,0,0,0,0,0,0,0,0,0,0
"396","Ixtlán del Río",2017,"Hostigamiento sexual",0,0,0,0,0,0,0,0,0,0,0,0,0
"397","Jala",2017,"Hostigamiento sexual",0,0,0,0,0,0,0,0,0,0,0,0,0
"398","La Yesca",2017,"Hostigamiento sexual",0,0,0,0,0,0,0,0,0,0,0,0,0
"399","Rosamorada",2017,"Hostigamiento sexual",0,0,0,0,0,0,0,0,0,0,0,0,0
"400","Ruíz",2017,"Hostigamiento sexual",0,0,0,0,0,0,0,0,0,0,0,0,0
"401","San Blas",2017,"Hostigamiento sexual",0,0,0,0,0,0,0,0,0,0,0,0,0
"402","San Pedro Lagunillas",2017,"Hostigamiento sexual",0,0,0,0,0,0,0,0,0,0,0,0,0
"403","Santa María del Oro",2017,"Hostigamiento sexual",0,0,0,0,0,0,0,0,0,0,0,0,0
"404","Santiago Ixcuintla",2017,"Hostigamiento sexual",0,0,0,0,0,0,0,0,0,0,0,0,0
"405","Tecuala",2017,"Hostigamiento sexual",0,0,0,0,0,0,0,0,0,0,0,0,0
"406","Tepic",2017,"Hostigamiento sexual",0,0,0,0,0,0,0,0,0,0,0,0,0
"407","Tuxpan",2017,"Hostigamiento sexual",0,0,0,0,0,0,0,0,0,0,0,0,0
"408","Xalisco",2017,"Hostigamiento sexual",0,0,0,0,0,0,0,0,0,0,0,0,0
"409","Acaponeta",2017,"Violación",0,0,0,0,0,0,0,0,0,0,0,0,0
"410","Ahuacatlán",2017,"Violación",0,0,0,0,0,0,0,0,0,0,0,0,0
"411","Amatlán de Cañas",2017,"Violación",0,0,0,0,0,0,0,0,0,0,0,0,0
"412","Bahía de Banderas",2017,"Violación",0,0,1,0,0,0,0,0,0,0,1,1,3
"413","Compostela",2017,"Violación",0,0,0,0,0,0,0,0,0,0,0,1,1
"414","Del Nayar",2017,"Violación",0,0,0,1,0,0,0,0,0,0,0,0,1
"415","Huajicori",2017,"Violación",0,0,0,0,0,0,0,0,0,0,0,0,0
"416","Ixtlán del Río",2017,"Violación",0,0,0,0,0,0,0,0,0,0,0,0,0
"417","Jala",2017,"Violación",0,0,0,0,0,0,0,0,0,0,0,0,0
"418","La Yesca",2017,"Violación",0,0,0,0,0,0,0,0,0,0,1,0,1
"419","Rosamorada",2017,"Violación",0,0,0,0,0,0,0,0,0,0,0,0,0
"420","Ruíz",2017,"Violación",0,0,0,0,0,0,0,0,0,0,0,0,0
"421","San Blas",2017,"Violación",0,0,0,0,0,0,0,0,0,0,0,0,0
"422","San Pedro Lagunillas",2017,"Violación",0,0,0,0,0,0,0,0,0,0,0,0,0
"423","Santa María del Oro",2017,"Violación",0,0,0,0,0,0,0,0,0,0,0,0,0
"424","Santiago Ixcuintla",2017,"Violación",0,1,0,0,0,0,0,0,0,0,0,0,1
"425","Tecuala",2017,"Violación",0,0,0,0,0,0,0,0,0,0,0,0,0
"426","Tepic",2017,"Violación",0,0,0,0,0,0,0,0,0,0,0,0,0
"427","Tuxpan",2017,"Violación",0,0,0,0,0,0,0,0,0,0,0,0,0
"428","Xalisco",2017,"Violación",0,0,0,0,0,0,0,0,0,0,0,0,0
"429","Acaponeta",2017,"Violación",0,0,0,0,0,0,0,0,0,0,0,0,0
"430","Ahuacatlán",2017,"Violación",0,0,0,0,0,0,0,0,0,0,0,0,0
"431","Amatlán de Cañas",2017,"Violación",0,0,0,0,0,0,0,0,0,0,0,0,0
"432","Bahía de Banderas",2017,"Violación",2,1,0,0,1,1,0,0,0,1,0,0,6
"433","Compostela",2017,"Violación",0,1,0,0,0,0,0,0,0,1,0,1,3
"434","Del Nayar",2017,"Violación",0,0,0,0,0,0,0,0,0,0,1,0,1
"435","Huajicori",2017,"Violación",0,0,0,0,0,0,0,0,0,0,0,0,0
"436","Ixtlán del Río",2017,"Violación",0,0,0,0,0,0,0,1,0,0,0,0,1
"437","Jala",2017,"Violación",1,0,0,0,1,0,0,0,0,0,0,0,2
"438","La Yesca",2017,"Violación",0,0,0,0,0,0,0,1,0,0,0,0,1
"439","Rosamorada",2017,"Violación",0,0,1,0,0,0,0,0,0,0,0,0,1
"440","Ruíz",2017,"Violación",0,0,0,0,0,0,0,0,0,0,0,0,0
"441","San Blas",2017,"Violación",0,0,0,0,0,0,0,0,0,0,0,0,0
"442","San Pedro Lagunillas",2017,"Violación",0,0,0,0,0,0,0,0,0,0,0,0,0
"443","Santa María del Oro",2017,"Violación",0,0,0,0,0,0,0,0,0,0,0,1,1
"444","Santiago Ixcuintla",2017,"Violación",0,0,0,0,1,0,0,1,1,1,0,0,4
"445","Tecuala",2017,"Violación",0,1,0,0,0,0,0,0,0,0,0,0,1
"446","Tepic",2017,"Violación",6,4,3,1,9,5,4,4,3,1,5,2,47
"447","Tuxpan",2017,"Violación",0,0,0,0,0,0,0,0,1,1,0,0,2
"448","Xalisco",2017,"Violación",0,0,0,1,0,0,0,0,0,0,0,0,1
"449","Acaponeta",2017,"Violencia familiar",1,1,0,0,0,0,0,0,0,0,0,0,2
"450","Ahuacatlán",2017,"Violencia familiar",0,0,0,0,0,0,0,0,0,0,1,0,1
"451","Amatlán de Cañas",2017,"Violencia familiar",0,0,0,0,0,0,0,0,0,0,0,1,1
"452","Bahía de Banderas",2017,"Violencia familiar",0,0,1,0,0,0,0,2,0,3,0,0,6
"453","Compostela",2017,"Violencia familiar",0,0,0,0,0,0,0,1,0,1,0,0,2
"454","Del Nayar",2017,"Violencia familiar",0,0,0,0,0,0,0,0,0,0,0,0,0
"455","Huajicori",2017,"Violencia familiar",0,0,0,0,0,0,0,0,0,0,0,0,0
"456","Ixtlán del Río",2017,"Violencia familiar",0,1,1,0,0,0,0,1,0,0,2,0,5
"457","Jala",2017,"Violencia familiar",0,0,0,0,0,0,0,0,0,0,0,0,0
"458","La Yesca",2017,"Violencia familiar",0,0,0,0,0,0,0,0,0,0,0,0,0
"459","Rosamorada",2017,"Violencia familiar",0,0,0,0,0,0,0,0,0,0,0,1,1
"460","Ruíz",2017,"Violencia familiar",1,0,0,0,0,0,0,0,0,0,0,0,1
"461","San Blas",2017,"Violencia familiar",0,0,3,1,0,0,0,0,0,1,1,0,6
"462","San Pedro Lagunillas",2017,"Violencia familiar",0,2,0,0,3,1,0,1,1,0,1,0,9
"463","Santa María del Oro",2017,"Violencia familiar",1,0,0,0,1,1,0,0,0,0,0,0,3
"464","Santiago Ixcuintla",2017,"Violencia familiar",3,1,0,0,0,1,0,3,0,0,0,3,11
"465","Tecuala",2017,"Violencia familiar",0,1,0,0,1,0,0,0,0,0,0,0,2
"466","Tepic",2017,"Violencia familiar",57,48,48,34,50,27,16,24,28,6,23,19,380
"467","Tuxpan",2017,"Violencia familiar",0,0,0,0,0,0,0,0,0,0,0,0,0
"468","Xalisco",2017,"Violencia familiar",0,0,0,0,0,0,1,0,0,0,0,1,2
"469","Acaponeta",2018,"Abuso sexual",0,0,0,0,0,0,0,0,0,0,0,0,0
"470","Ahuacatlán",2018,"Abuso sexual",0,0,0,0,0,0,0,0,0,0,0,0,0
"471","Amatlán de Cañas",2018,"Abuso sexual",0,0,0,0,0,0,0,0,0,0,0,0,0
"472","Bahía de Banderas",2018,"Abuso sexual",0,0,0,0,0,0,0,0,0,0,0,0,0
"473","Compostela",2018,"Abuso sexual",0,0,0,0,0,0,0,0,0,0,0,0,0
"474","Del Nayar",2018,"Abuso sexual",0,0,0,0,0,0,0,0,0,0,0,0,0
"475","Huajicori",2018,"Abuso sexual",0,0,0,0,0,0,0,0,0,0,0,0,0
"476","Ixtlán del Río",2018,"Abuso sexual",0,0,0,0,0,0,0,0,0,0,0,0,0
"477","Jala",2018,"Abuso sexual",0,0,0,0,0,0,0,0,0,0,0,0,0
"478","La Yesca",2018,"Abuso sexual",0,0,0,0,0,0,0,0,0,0,0,0,0
"479","Rosamorada",2018,"Abuso sexual",0,0,0,0,0,0,0,0,0,0,0,0,0
"480","Ruíz",2018,"Abuso sexual",0,0,0,0,0,0,0,0,0,0,0,0,0
"481","San Blas",2018,"Abuso sexual",0,0,0,0,0,0,0,0,0,0,0,0,0
"482","San Pedro Lagunillas",2018,"Abuso sexual",0,0,0,0,0,0,0,0,0,0,0,0,0
"483","Santa María del Oro",2018,"Abuso sexual",0,0,0,0,0,0,0,0,0,0,0,0,0
"484","Santiago Ixcuintla",2018,"Abuso sexual",0,0,0,0,0,0,0,0,0,0,0,0,0
"485","Tecuala",2018,"Abuso sexual",0,0,0,0,0,0,0,0,0,0,0,0,0
"486","Tepic",2018,"Abuso sexual",0,0,0,0,0,0,0,0,0,0,0,0,0
"487","Tuxpan",2018,"Abuso sexual",0,0,0,0,0,0,0,0,0,0,0,0,0
"488","Xalisco",2018,"Abuso sexual",0,0,0,0,0,0,0,0,0,0,0,0,0
"489","Acaponeta",2018,"Acoso sexual",0,0,0,0,0,0,0,0,0,0,0,0,0
"490","Ahuacatlán",2018,"Acoso sexual",0,0,0,0,0,0,0,0,0,0,0,0,0
"491","Amatlán de Cañas",2018,"Acoso sexual",0,0,0,0,0,0,0,0,0,0,0,0,0
"492","Bahía de Banderas",2018,"Acoso sexual",0,0,0,0,0,0,0,0,0,0,0,0,0
"493","Compostela",2018,"Acoso sexual",0,0,0,0,0,0,0,0,0,0,0,0,0
"494","Del Nayar",2018,"Acoso sexual",0,0,0,0,0,0,0,0,0,0,0,0,0
"495","Huajicori",2018,"Acoso sexual",0,0,0,0,0,0,0,0,0,0,0,0,0
"496","Ixtlán del Río",2018,"Acoso sexual",0,0,0,0,0,0,0,0,0,0,0,0,0
"497","Jala",2018,"Acoso sexual",0,0,0,0,0,0,0,0,0,0,0,0,0
"498","La Yesca",2018,"Acoso sexual",0,0,0,0,0,0,0,0,0,0,0,0,0
"499","Rosamorada",2018,"Acoso sexual",0,0,0,0,0,0,0,0,0,0,0,0,0
"500","Ruíz",2018,"Acoso sexual",0,0,0,0,0,0,0,0,0,0,0,0,0
"501","San Blas",2018,"Acoso sexual",0,0,0,0,0,0,0,0,0,0,0,0,0
"502","San Pedro Lagunillas",2018,"Acoso sexual",0,0,0,0,0,0,0,0,0,0,0,0,0
"503","Santa María del Oro",2018,"Acoso sexual",0,0,0,0,0,0,0,0,0,0,0,0,0
"504","Santiago Ixcuintla",2018,"Acoso sexual",0,0,0,0,0,0,0,0,0,0,0,0,0
"505","Tecuala",2018,"Acoso sexual",0,0,0,0,0,0,0,0,0,0,0,0,0
"506","Tepic",2018,"Acoso sexual",0,0,0,0,0,1,0,0,1,0,0,0,2
"507","Tuxpan",2018,"Acoso sexual",0,0,0,0,0,0,0,0,0,0,0,0,0
"508","Xalisco",2018,"Acoso sexual",0,0,0,0,0,0,0,0,0,0,0,0,0
"509","Acaponeta",2018,"Feminicidio",0,0,0,0,0,0,0,0,0,0,0,0,0
"510","Ahuacatlán",2018,"Feminicidio",0,0,0,0,0,0,0,0,0,0,0,0,0
"511","Amatlán de Cañas",2018,"Feminicidio",0,0,0,0,0,0,0,0,0,0,0,0,0
"512","Bahía de Banderas",2018,"Feminicidio",0,0,0,0,0,1,0,0,0,0,0,0,1
"513","Compostela",2018,"Feminicidio",0,0,0,1,0,0,0,0,0,0,0,0,1
"514","Del Nayar",2018,"Feminicidio",0,0,0,0,0,0,0,0,0,0,0,0,0
"515","Huajicori",2018,"Feminicidio",0,0,0,0,0,0,0,0,0,0,0,0,0
"516","Ixtlán del Río",2018,"Feminicidio",0,0,0,0,0,0,0,0,0,0,0,0,0
"517","Jala",2018,"Feminicidio",0,0,0,0,0,0,0,0,0,0,0,0,0
"518","La Yesca",2018,"Feminicidio",0,0,0,0,0,0,0,0,0,0,0,0,0
"519","Rosamorada",2018,"Feminicidio",0,0,0,0,0,0,0,0,0,0,0,0,0
"520","Ruíz",2018,"Feminicidio",0,0,0,0,0,0,0,0,0,0,0,0,0
"521","San Blas",2018,"Feminicidio",0,0,0,0,0,0,0,0,0,0,0,0,0
"522","San Pedro Lagunillas",2018,"Feminicidio",0,0,0,0,0,0,0,0,0,0,0,0,0
"523","Santa María del Oro",2018,"Feminicidio",0,0,0,0,0,0,0,0,0,0,0,0,0
"524","Santiago Ixcuintla",2018,"Feminicidio",0,0,0,0,0,0,0,0,0,0,0,1,1
"525","Tecuala",2018,"Feminicidio",0,0,0,0,0,0,0,0,0,0,0,0,0
"526","Tepic",2018,"Feminicidio",0,0,0,0,0,0,0,0,0,0,0,0,0
"527","Tuxpan",2018,"Feminicidio",0,0,0,0,0,0,0,0,0,0,0,0,0
"528","Xalisco",2018,"Feminicidio",0,0,1,0,0,0,0,0,0,0,0,0,1
"529","Acaponeta",2018,"Hostigamiento sexual",0,0,0,0,0,0,0,0,0,0,0,0,0
"530","Ahuacatlán",2018,"Hostigamiento sexual",0,0,0,0,0,0,0,0,0,0,0,0,0
"531","Amatlán de Cañas",2018,"Hostigamiento sexual",0,0,0,0,0,0,0,0,0,0,0,0,0
"532","Bahía de Banderas",2018,"Hostigamiento sexual",0,0,0,0,0,0,0,0,0,0,0,0,0
"533","Compostela",2018,"Hostigamiento sexual",0,0,0,0,0,0,0,0,0,0,0,0,0
"534","Del Nayar",2018,"Hostigamiento sexual",0,0,0,0,0,0,0,0,0,0,0,0,0
"535","Huajicori",2018,"Hostigamiento sexual",0,0,0,0,0,0,0,0,0,0,0,0,0
"536","Ixtlán del Río",2018,"Hostigamiento sexual",0,0,0,0,0,0,0,0,0,0,0,0,0
"537","Jala",2018,"Hostigamiento sexual",0,0,0,0,0,0,0,0,0,0,0,0,0
"538","La Yesca",2018,"Hostigamiento sexual",0,0,0,0,0,0,0,0,0,0,0,0,0
"539","Rosamorada",2018,"Hostigamiento sexual",0,0,0,0,0,0,0,0,0,0,0,0,0
"540","Ruíz",2018,"Hostigamiento sexual",0,0,0,0,0,0,0,0,0,0,0,0,0
"541","San Blas",2018,"Hostigamiento sexual",0,0,0,0,0,0,0,0,0,0,0,0,0
"542","San Pedro Lagunillas",2018,"Hostigamiento sexual",0,0,0,0,0,0,0,0,0,0,0,0,0
"543","Santa María del Oro",2018,"Hostigamiento sexual",0,0,0,0,0,0,0,0,0,0,0,0,0
"544","Santiago Ixcuintla",2018,"Hostigamiento sexual",0,0,0,0,0,0,0,0,0,0,0,0,0
"545","Tecuala",2018,"Hostigamiento sexual",0,0,0,0,0,0,0,0,0,0,0,0,0
"546","Tepic",2018,"Hostigamiento sexual",0,0,0,0,0,0,0,0,0,0,0,0,0
"547","Tuxpan",2018,"Hostigamiento sexual",0,0,0,0,0,0,0,0,0,0,0,0,0
"548","Xalisco",2018,"Hostigamiento sexual",0,0,0,0,0,0,0,0,0,0,0,0,0
"549","Acaponeta",2018,"Violación",0,0,0,0,0,0,0,0,0,0,0,0,0
"550","Ahuacatlán",2018,"Violación",0,0,0,0,0,0,0,0,0,0,0,0,0
"551","Amatlán de Cañas",2018,"Violación",0,0,0,0,0,0,0,0,0,0,0,0,0
"552","Bahía de Banderas",2018,"Violación",0,0,0,0,0,0,0,0,0,0,0,0,0
"553","Compostela",2018,"Violación",0,0,0,0,0,0,0,0,0,0,0,0,0
"554","Del Nayar",2018,"Violación",0,0,0,1,0,0,0,0,1,0,0,0,2
"555","Huajicori",2018,"Violación",0,0,0,0,0,0,0,0,0,0,0,0,0
"556","Ixtlán del Río",2018,"Violación",0,0,0,0,0,0,0,0,0,0,0,0,0
"557","Jala",2018,"Violación",0,0,0,0,0,0,0,0,0,0,0,0,0
"558","La Yesca",2018,"Violación",0,0,0,0,0,0,0,0,0,0,0,0,0
"559","Rosamorada",2018,"Violación",0,0,0,0,0,0,0,0,0,0,0,0,0
"560","Ruíz",2018,"Violación",0,0,0,0,0,0,0,0,0,0,0,0,0
"561","San Blas",2018,"Violación",0,0,0,0,0,0,0,0,0,0,0,0,0
"562","San Pedro Lagunillas",2018,"Violación",0,0,0,0,0,0,0,0,0,0,0,0,0
"563","Santa María del Oro",2018,"Violación",0,0,0,0,0,0,0,0,0,0,1,0,1
"564","Santiago Ixcuintla",2018,"Violación",0,0,0,0,0,0,0,0,0,1,0,0,1
"565","Tecuala",2018,"Violación",0,0,0,0,0,0,0,0,0,0,0,0,0
"566","Tepic",2018,"Violación",0,0,0,0,0,0,2,0,0,0,0,0,2
"567","Tuxpan",2018,"Violación",0,0,0,0,0,0,0,0,0,0,0,0,0
"568","Xalisco",2018,"Violación",0,0,0,1,0,0,0,0,0,0,0,0,1
"569","Acaponeta",2018,"Violación",0,0,0,0,0,0,0,0,0,0,0,0,0
"570","Ahuacatlán",2018,"Violación",0,0,0,0,0,0,0,0,0,0,0,1,1
"571","Amatlán de Cañas",2018,"Violación",0,0,0,0,0,0,0,0,0,0,0,0,0
"572","Bahía de Banderas",2018,"Violación",0,0,0,0,0,0,0,1,0,0,0,0,1
"573","Compostela",2018,"Violación",0,0,0,0,0,1,0,0,2,0,0,1,4
"574","Del Nayar",2018,"Violación",1,0,0,0,0,1,0,0,0,0,0,0,2
"575","Huajicori",2018,"Violación",0,0,0,0,0,0,0,0,0,0,0,0,0
"576","Ixtlán del Río",2018,"Violación",0,0,0,0,0,1,0,0,0,0,0,0,1
"577","Jala",2018,"Violación",0,0,0,0,0,0,0,0,0,1,0,0,1
"578","La Yesca",2018,"Violación",0,0,0,0,0,0,0,0,0,0,0,0,0
"579","Rosamorada",2018,"Violación",0,0,0,0,0,0,0,0,0,0,1,0,1
"580","Ruíz",2018,"Violación",0,0,0,0,1,0,1,0,0,0,0,0,2
"581","San Blas",2018,"Violación",0,0,1,0,0,0,0,0,0,0,0,0,1
"582","San Pedro Lagunillas",2018,"Violación",0,0,0,0,0,0,0,0,0,0,0,0,0
"583","Santa María del Oro",2018,"Violación",0,0,0,0,0,0,0,0,0,0,0,0,0
"584","Santiago Ixcuintla",2018,"Violación",0,0,0,0,0,0,0,0,0,0,0,0,0
"585","Tecuala",2018,"Violación",0,1,1,0,0,0,0,0,0,0,0,0,2
"586","Tepic",2018,"Violación",10,4,6,4,3,5,2,2,3,1,7,4,51
"587","Tuxpan",2018,"Violación",0,0,0,0,0,0,0,1,0,0,1,0,2
"588","Xalisco",2018,"Violación",0,0,0,0,0,0,0,0,0,0,0,0,0
"589","Acaponeta",2018,"Violencia familiar",0,0,0,0,0,0,0,0,0,0,0,0,0
"590","Ahuacatlán",2018,"Violencia familiar",0,0,0,1,0,0,0,0,0,0,0,0,1
"591","Amatlán de Cañas",2018,"Violencia familiar",0,0,0,0,0,0,0,0,0,0,0,0,0
"592","Bahía de Banderas",2018,"Violencia familiar",1,2,0,4,4,1,0,1,0,0,1,3,17
"593","Compostela",2018,"Violencia familiar",0,0,0,3,0,0,0,0,0,2,0,1,6
"594","Del Nayar",2018,"Violencia familiar",0,0,0,0,0,0,0,0,0,0,0,0,0
"595","Huajicori",2018,"Violencia familiar",0,0,0,0,1,0,0,0,0,0,0,0,1
"596","Ixtlán del Río",2018,"Violencia familiar",1,3,1,2,0,0,2,3,2,0,4,3,21
"597","Jala",2018,"Violencia familiar",1,2,2,0,2,1,0,1,0,1,0,0,10
"598","La Yesca",2018,"Violencia familiar",0,0,0,0,0,0,0,1,0,0,0,0,1
"599","Rosamorada",2018,"Violencia familiar",0,0,1,1,0,0,1,0,0,0,0,1,4
"600","Ruíz",2018,"Violencia familiar",0,0,0,0,0,1,0,0,0,0,0,0,1
"601","San Blas",2018,"Violencia familiar",3,0,1,1,0,0,0,0,2,3,0,0,10
"602","San Pedro Lagunillas",2018,"Violencia familiar",0,0,0,0,0,0,0,0,0,0,0,0,0
"603","Santa María del Oro",2018,"Violencia familiar",0,0,0,0,0,0,0,0,0,3,0,1,4
"604","Santiago Ixcuintla",2018,"Violencia familiar",1,0,0,0,0,0,0,1,0,1,0,0,3
"605","Tecuala",2018,"Violencia familiar",0,0,0,0,1,0,0,0,2,0,0,0,3
"606","Tepic",2018,"Violencia familiar",15,28,31,29,27,17,20,22,39,25,18,42,313
"607","Tuxpan",2018,"Violencia familiar",0,0,0,0,0,0,0,0,0,0,0,0,0
"608","Xalisco",2018,"Violencia familiar",1,0,1,1,2,1,0,0,1,0,0,2,9
"609","Acaponeta",2019,"Abuso sexual",0,0,0,0,0,0,0,0,0,0,0,0,0
"610","Ahuacatlán",2019,"Abuso sexual",0,0,0,0,0,0,0,0,0,0,0,0,0
"611","Amatlán de Cañas",2019,"Abuso sexual",0,0,0,0,0,0,0,0,0,0,0,0,0
"612","Bahía de Banderas",2019,"Abuso sexual",0,0,0,0,0,0,0,0,0,0,0,0,0
"613","Compostela",2019,"Abuso sexual",0,0,0,0,0,0,0,0,0,0,0,0,0
"614","Del Nayar",2019,"Abuso sexual",0,0,0,0,0,0,0,0,0,0,0,0,0
"615","Huajicori",2019,"Abuso sexual",0,0,0,0,0,0,0,0,0,0,0,0,0
"616","Ixtlán del Río",2019,"Abuso sexual",0,0,0,0,0,0,0,0,0,0,0,0,0
"617","Jala",2019,"Abuso sexual",0,0,0,0,0,0,0,0,0,0,0,0,0
"618","La Yesca",2019,"Abuso sexual",0,0,0,0,0,0,0,0,0,0,0,0,0
"619","Rosamorada",2019,"Abuso sexual",0,0,0,0,0,0,0,0,0,0,0,0,0
"620","Ruíz",2019,"Abuso sexual",0,0,0,0,0,0,0,0,0,0,0,0,0
"621","San Blas",2019,"Abuso sexual",0,0,0,0,0,0,0,0,0,0,0,0,0
"622","San Pedro Lagunillas",2019,"Abuso sexual",0,0,0,0,0,0,0,0,0,0,0,0,0
"623","Santa María del Oro",2019,"Abuso sexual",0,0,0,0,0,0,0,0,0,0,0,0,0
"624","Santiago Ixcuintla",2019,"Abuso sexual",0,0,0,0,0,0,0,0,0,0,0,0,0
"625","Tecuala",2019,"Abuso sexual",0,0,0,0,0,0,0,0,0,0,0,0,0
"626","Tepic",2019,"Abuso sexual",0,0,0,0,0,0,0,0,0,0,0,0,0
"627","Tuxpan",2019,"Abuso sexual",0,0,0,0,0,0,0,0,0,0,0,0,0
"628","Xalisco",2019,"Abuso sexual",0,0,0,0,0,0,0,0,0,0,0,0,0
"629","Acaponeta",2019,"Acoso sexual",0,0,0,0,0,0,0,0,0,0,0,0,0
"630","Ahuacatlán",2019,"Acoso sexual",0,0,0,0,0,0,0,0,0,0,0,0,0
"631","Amatlán de Cañas",2019,"Acoso sexual",0,0,0,0,0,0,0,0,0,0,0,0,0
"632","Bahía de Banderas",2019,"Acoso sexual",0,0,0,0,0,0,0,0,0,0,0,0,0
"633","Compostela",2019,"Acoso sexual",0,0,0,0,0,0,0,0,0,1,0,0,1
"634","Del Nayar",2019,"Acoso sexual",0,0,0,0,0,0,0,0,0,0,0,0,0
"635","Huajicori",2019,"Acoso sexual",0,0,0,0,0,0,0,0,0,0,0,0,0
"636","Ixtlán del Río",2019,"Acoso sexual",0,0,0,0,0,0,0,0,0,0,0,0,0
"637","Jala",2019,"Acoso sexual",0,0,0,0,0,0,0,0,0,0,0,0,0
"638","La Yesca",2019,"Acoso sexual",0,0,0,0,0,0,0,0,0,0,0,0,0
"639","Rosamorada",2019,"Acoso sexual",0,0,0,0,0,0,0,0,0,0,0,0,0
"640","Ruíz",2019,"Acoso sexual",0,0,0,0,0,0,0,0,0,0,0,0,0
"641","San Blas",2019,"Acoso sexual",0,0,0,0,0,0,0,0,0,0,0,0,0
"642","San Pedro Lagunillas",2019,"Acoso sexual",0,0,0,0,0,0,0,0,0,0,0,0,0
"643","Santa María del Oro",2019,"Acoso sexual",0,0,0,0,0,0,0,0,0,0,0,0,0
"644","Santiago Ixcuintla",2019,"Acoso sexual",0,0,0,0,0,0,0,0,0,0,0,0,0
"645","Tecuala",2019,"Acoso sexual",0,0,0,0,0,0,0,0,0,0,0,0,0
"646","Tepic",2019,"Acoso sexual",2,1,3,0,0,1,1,1,0,0,0,0,9
"647","Tuxpan",2019,"Acoso sexual",0,0,0,0,0,0,0,0,0,0,0,0,0
"648","Xalisco",2019,"Acoso sexual",0,0,0,0,0,0,0,0,0,0,0,0,0
"649","Acaponeta",2019,"Feminicidio",0,0,0,0,0,0,0,0,0,0,0,0,0
"650","Ahuacatlán",2019,"Feminicidio",0,0,0,0,0,0,0,0,0,0,0,0,0
"651","Amatlán de Cañas",2019,"Feminicidio",0,0,0,0,0,0,0,0,0,0,0,0,0
"652","Bahía de Banderas",2019,"Feminicidio",0,1,0,1,0,0,0,0,0,0,0,0,2
"653","Compostela",2019,"Feminicidio",0,0,0,0,0,0,0,0,0,0,0,0,0
"654","Del Nayar",2019,"Feminicidio",0,0,0,0,0,0,0,0,0,0,0,0,0
"655","Huajicori",2019,"Feminicidio",0,0,0,0,0,0,0,0,0,0,0,0,0
"656","Ixtlán del Río",2019,"Feminicidio",0,0,0,0,0,0,0,0,0,0,0,0,0
"657","Jala",2019,"Feminicidio",0,0,0,0,0,0,0,0,0,0,0,0,0
"658","La Yesca",2019,"Feminicidio",0,0,0,0,0,0,0,0,0,0,0,0,0
"659","Rosamorada",2019,"Feminicidio",0,0,0,0,0,0,0,0,0,0,0,0,0
"660","Ruíz",2019,"Feminicidio",0,0,0,0,0,0,0,0,0,0,0,0,0
"661","San Blas",2019,"Feminicidio",0,0,0,0,0,0,0,0,0,0,0,0,0
"662","San Pedro Lagunillas",2019,"Feminicidio",0,0,0,0,0,0,0,0,0,0,0,0,0
"663","Santa María del Oro",2019,"Feminicidio",0,0,0,0,0,0,0,0,0,0,0,0,0
"664","Santiago Ixcuintla",2019,"Feminicidio",1,0,0,0,0,0,0,0,0,0,0,0,1
"665","Tecuala",2019,"Feminicidio",0,0,0,0,0,0,0,0,0,0,0,0,0
"666","Tepic",2019,"Feminicidio",0,0,0,0,0,0,0,0,0,1,0,0,1
"667","Tuxpan",2019,"Feminicidio",0,0,0,0,0,0,0,0,0,0,0,1,1
"668","Xalisco",2019,"Feminicidio",0,0,0,0,0,0,0,0,0,0,0,0,0
"669","Acaponeta",2019,"Hostigamiento sexual",0,0,0,0,0,0,0,0,0,0,0,0,0
"670","Ahuacatlán",2019,"Hostigamiento sexual",0,0,0,0,0,0,0,0,0,0,0,0,0
"671","Amatlán de Cañas",2019,"Hostigamiento sexual",0,0,0,0,0,0,0,0,0,0,0,0,0
"672","Bahía de Banderas",2019,"Hostigamiento sexual",0,0,0,0,0,0,0,0,0,0,0,0,0
"673","Compostela",2019,"Hostigamiento sexual",0,0,0,0,0,0,0,0,0,0,0,0,0
"674","Del Nayar",2019,"Hostigamiento sexual",0,0,0,0,0,0,0,0,0,0,0,0,0
"675","Huajicori",2019,"Hostigamiento sexual",0,0,0,0,0,0,0,0,0,0,0,0,0
"676","Ixtlán del Río",2019,"Hostigamiento sexual",0,0,0,0,0,0,0,0,0,0,0,0,0
"677","Jala",2019,"Hostigamiento sexual",0,0,0,0,0,0,0,0,0,0,0,0,0
"678","La Yesca",2019,"Hostigamiento sexual",0,0,0,0,0,0,0,0,0,0,0,0,0
"679","Rosamorada",2019,"Hostigamiento sexual",0,0,0,0,0,0,0,0,0,0,0,0,0
"680","Ruíz",2019,"Hostigamiento sexual",0,0,0,0,0,0,0,0,0,0,0,0,0
"681","San Blas",2019,"Hostigamiento sexual",0,0,0,0,0,0,0,0,0,0,0,0,0
"682","San Pedro Lagunillas",2019,"Hostigamiento sexual",0,0,0,0,0,0,0,0,0,0,0,0,0
"683","Santa María del Oro",2019,"Hostigamiento sexual",0,0,0,0,0,0,0,0,0,0,0,0,0
"684","Santiago Ixcuintla",2019,"Hostigamiento sexual",0,0,0,0,0,0,0,0,0,0,0,0,0
"685","Tecuala",2019,"Hostigamiento sexual",0,0,0,0,0,0,0,0,0,0,0,0,0
"686","Tepic",2019,"Hostigamiento sexual",0,0,0,0,0,0,0,0,0,0,0,0,0
"687","Tuxpan",2019,"Hostigamiento sexual",0,0,0,0,0,0,0,0,0,0,0,0,0
"688","Xalisco",2019,"Hostigamiento sexual",0,0,0,0,0,0,0,0,0,0,0,0,0
"689","Acaponeta",2019,"Violación",0,1,0,0,0,0,0,0,0,0,0,0,1
"690","Ahuacatlán",2019,"Violación",0,0,0,0,0,0,0,0,0,0,0,0,0
"691","Amatlán de Cañas",2019,"Violación",0,0,0,0,0,0,0,0,0,0,0,0,0
"692","Bahía de Banderas",2019,"Violación",0,0,0,0,0,0,0,0,0,0,0,0,0
"693","Compostela",2019,"Violación",0,0,0,1,0,0,0,0,0,0,0,1,2
"694","Del Nayar",2019,"Violación",1,0,1,0,0,0,0,0,0,0,0,0,2
"695","Huajicori",2019,"Violación",0,0,0,0,0,0,0,0,0,0,0,0,0
"696","Ixtlán del Río",2019,"Violación",0,0,0,0,0,0,0,0,0,1,1,0,2
"697","Jala",2019,"Violación",0,0,0,0,0,0,0,0,0,0,0,0,0
"698","La Yesca",2019,"Violación",0,0,0,0,0,0,0,0,0,0,0,0,0
"699","Rosamorada",2019,"Violación",0,0,0,0,0,0,0,0,0,0,0,0,0
"700","Ruíz",2019,"Violación",0,0,0,0,0,0,0,0,0,0,0,0,0
"701","San Blas",2019,"Violación",0,0,0,0,0,0,0,0,0,0,0,0,0
"702","San Pedro Lagunillas",2019,"Violación",0,0,0,0,0,0,0,0,0,0,0,0,0
"703","Santa María del Oro",2019,"Violación",0,0,0,0,0,0,0,0,0,0,1,0,1
"704","Santiago Ixcuintla",2019,"Violación",0,0,0,0,0,0,0,0,0,0,0,0,0
"705","Tecuala",2019,"Violación",0,0,0,0,0,0,0,0,0,0,0,0,0
"706","Tepic",2019,"Violación",0,0,1,0,3,0,0,0,1,1,0,0,6
"707","Tuxpan",2019,"Violación",0,0,0,0,0,0,0,0,0,1,0,1,2
"708","Xalisco",2019,"Violación",0,0,0,0,0,0,0,0,0,0,0,0,0
"709","Acaponeta",2019,"Violación",0,0,0,0,0,0,1,0,0,0,1,0,2
"710","Ahuacatlán",2019,"Violación",1,0,0,0,0,0,0,0,0,0,1,0,2
"711","Amatlán de Cañas",2019,"Violación",0,0,0,0,0,0,0,1,0,0,0,1,2
"712","Bahía de Banderas",2019,"Violación",1,2,1,0,0,0,0,0,3,1,3,2,13
"713","Compostela",2019,"Violación",0,0,1,0,0,0,1,0,0,0,0,0,2
"714","Del Nayar",2019,"Violación",0,0,0,1,0,1,8,0,0,0,0,0,10
"715","Huajicori",2019,"Violación",0,0,0,0,0,0,0,0,0,1,0,0,1
"716","Ixtlán del Río",2019,"Violación",0,0,0,0,0,0,0,0,0,0,0,0,0
"717","Jala",2019,"Violación",0,0,0,0,0,0,0,0,0,0,0,0,0
"718","La Yesca",2019,"Violación",0,0,1,0,0,0,0,0,0,0,0,0,1
"719","Rosamorada",2019,"Violación",0,0,0,2,0,0,0,0,2,0,0,0,4
"720","Ruíz",2019,"Violación",0,0,0,0,0,0,0,0,0,0,0,0,0
"721","San Blas",2019,"Violación",0,0,0,0,0,0,1,0,0,0,0,0,1
"722","San Pedro Lagunillas",2019,"Violación",0,0,0,0,0,0,0,0,0,0,0,0,0
"723","Santa María del Oro",2019,"Violación",0,0,0,1,0,0,1,0,0,0,0,0,2
"724","Santiago Ixcuintla",2019,"Violación",0,0,2,1,2,1,0,1,0,4,0,0,11
"725","Tecuala",2019,"Violación",0,0,0,0,0,0,0,3,1,1,0,0,5
"726","Tepic",2019,"Violación",5,3,6,7,7,7,1,6,4,3,3,4,56
"727","Tuxpan",2019,"Violación",0,1,0,0,0,1,0,0,0,0,0,1,3
"728","Xalisco",2019,"Violación",0,0,0,0,0,0,0,0,0,0,0,0,0
"729","Acaponeta",2019,"Violencia familiar",1,0,0,0,1,1,0,2,0,4,0,1,10
"730","Ahuacatlán",2019,"Violencia familiar",0,0,0,0,1,0,0,0,4,4,0,6,15
"731","Amatlán de Cañas",2019,"Violencia familiar",0,0,0,0,0,0,0,0,0,0,0,0,0
"732","Bahía de Banderas",2019,"Violencia familiar",1,2,1,5,3,8,7,3,12,6,10,14,72
"733","Compostela",2019,"Violencia familiar",0,0,3,1,2,2,3,4,1,1,3,1,21
"734","Del Nayar",2019,"Violencia familiar",0,0,0,0,0,0,0,0,0,0,0,0,0
"735","Huajicori",2019,"Violencia familiar",0,0,0,0,1,0,0,0,0,0,0,0,1
"736","Ixtlán del Río",2019,"Violencia familiar",2,5,1,4,3,3,3,3,2,4,5,1,36
"737","Jala",2019,"Violencia familiar",0,2,0,1,1,0,0,1,0,2,0,1,8
"738","La Yesca",2019,"Violencia familiar",0,0,0,1,0,0,0,0,0,0,0,0,1
"739","Rosamorada",2019,"Violencia familiar",0,1,2,1,2,0,0,0,0,0,1,0,7
"740","Ruíz",2019,"Violencia familiar",0,0,1,0,2,1,0,0,2,0,0,0,6
"741","San Blas",2019,"Violencia familiar",0,0,0,0,0,0,1,0,0,2,1,1,5
"742","San Pedro Lagunillas",2019,"Violencia familiar",0,1,0,1,0,1,0,0,2,2,0,0,7
"743","Santa María del Oro",2019,"Violencia familiar",0,0,1,0,0,0,0,0,1,2,3,3,10
"744","Santiago Ixcuintla",2019,"Violencia familiar",2,3,1,2,3,1,1,3,1,2,0,1,20
"745","Tecuala",2019,"Violencia familiar",1,0,0,2,0,0,1,0,1,0,1,0,6
"746","Tepic",2019,"Violencia familiar",27,44,49,44,70,46,49,40,31,57,48,30,535
"747","Tuxpan",2019,"Violencia familiar",0,0,0,0,0,0,0,0,2,0,0,0,2
"748","Xalisco",2019,"Violencia familiar",0,0,0,0,1,0,2,0,0,0,1,2,6
"749","Acaponeta",2020,"Abuso sexual",0,0,0,0,0,0,0,0,0,0,0,0,0
"750","Ahuacatlán",2020,"Abuso sexual",0,0,0,0,0,0,0,0,0,0,0,0,0
"751","Amatlán de Cañas",2020,"Abuso sexual",0,0,0,0,0,0,0,0,0,0,0,0,0
"752","Bahía de Banderas",2020,"Abuso sexual",0,0,0,0,0,0,0,0,0,0,0,0,0
"753","Compostela",2020,"Abuso sexual",0,0,0,0,0,0,0,0,0,0,0,0,0
"754","Del Nayar",2020,"Abuso sexual",0,0,0,0,0,0,0,0,0,0,0,0,0
"755","Huajicori",2020,"Abuso sexual",0,0,0,0,0,0,0,0,0,0,0,0,0
"756","Ixtlán del Río",2020,"Abuso sexual",0,0,0,0,0,0,0,0,0,0,0,0,0
"757","Jala",2020,"Abuso sexual",0,0,0,0,0,0,0,0,0,0,0,0,0
"758","La Yesca",2020,"Abuso sexual",0,0,0,0,0,0,0,0,0,0,0,0,0
"759","Rosamorada",2020,"Abuso sexual",0,0,0,0,0,0,0,0,0,0,0,0,0
"760","Ruíz",2020,"Abuso sexual",0,0,0,0,0,0,0,0,0,0,0,0,0
"761","San Blas",2020,"Abuso sexual",0,0,0,0,0,0,0,0,0,0,0,0,0
"762","San Pedro Lagunillas",2020,"Abuso sexual",0,0,0,0,0,0,0,0,0,0,0,0,0
"763","Santa María del Oro",2020,"Abuso sexual",0,0,0,0,0,0,0,0,0,0,0,0,0
"764","Santiago Ixcuintla",2020,"Abuso sexual",0,0,0,0,0,0,0,0,0,0,0,0,0
"765","Tecuala",2020,"Abuso sexual",0,0,0,0,0,0,0,0,0,0,0,0,0
"766","Tepic",2020,"Abuso sexual",0,0,0,0,0,0,0,0,0,0,0,0,0
"767","Tuxpan",2020,"Abuso sexual",0,0,0,0,0,0,0,0,0,0,0,0,0
"768","Xalisco",2020,"Abuso sexual",0,0,0,0,0,0,0,0,0,0,0,0,0
"769","Acaponeta",2020,"Acoso sexual",0,0,0,0,0,0,0,0,0,0,1,0,1
"770","Ahuacatlán",2020,"Acoso sexual",0,0,0,0,0,0,0,0,0,0,0,0,0
"771","Amatlán de Cañas",2020,"Acoso sexual",0,0,0,0,0,0,0,0,0,0,0,0,0
"772","Bahía de Banderas",2020,"Acoso sexual",0,0,0,0,0,0,0,0,1,0,0,0,1
"773","Compostela",2020,"Acoso sexual",0,0,0,0,0,0,0,0,0,1,0,0,1
"774","Del Nayar",2020,"Acoso sexual",0,0,0,0,0,0,0,0,0,0,0,0,0
"775","Huajicori",2020,"Acoso sexual",0,0,0,0,0,0,0,0,0,0,0,0,0
"776","Ixtlán del Río",2020,"Acoso sexual",0,0,0,0,0,0,0,0,0,0,0,0,0
"777","Jala",2020,"Acoso sexual",0,0,0,0,0,0,0,0,0,0,0,0,0
"778","La Yesca",2020,"Acoso sexual",0,0,0,0,0,0,0,0,0,0,0,0,0
"779","Rosamorada",2020,"Acoso sexual",0,0,0,0,0,0,0,0,0,0,0,0,0
"780","Ruíz",2020,"Acoso sexual",0,0,0,0,0,0,0,0,0,0,0,0,0
"781","San Blas",2020,"Acoso sexual",0,0,0,0,0,0,0,0,0,0,0,0,0
"782","San Pedro Lagunillas",2020,"Acoso sexual",0,0,0,0,0,0,0,0,0,0,0,0,0
"783","Santa María del Oro",2020,"Acoso sexual",0,0,0,0,0,0,0,0,0,0,0,0,0
"784","Santiago Ixcuintla",2020,"Acoso sexual",0,0,0,0,0,0,0,0,0,0,1,0,1
"785","Tecuala",2020,"Acoso sexual",0,0,0,0,0,0,0,0,0,0,0,0,0
"786","Tepic",2020,"Acoso sexual",0,1,1,0,0,1,0,0,0,0,2,1,6
"787","Tuxpan",2020,"Acoso sexual",0,0,0,0,0,0,0,0,0,0,0,0,0
"788","Xalisco",2020,"Acoso sexual",0,0,0,0,0,0,0,0,0,0,0,0,0
"789","Acaponeta",2020,"Feminicidio",0,0,0,0,0,0,0,0,0,0,0,0,0
"790","Ahuacatlán",2020,"Feminicidio",0,0,0,0,0,0,0,0,0,0,0,0,0
"791","Amatlán de Cañas",2020,"Feminicidio",0,0,0,0,0,0,0,0,0,0,0,0,0
"792","Bahía de Banderas",2020,"Feminicidio",0,0,0,0,0,1,1,1,0,0,0,0,3
"793","Compostela",2020,"Feminicidio",0,0,0,0,0,0,0,0,0,1,1,0,2
"794","Del Nayar",2020,"Feminicidio",0,0,0,0,1,0,0,0,0,0,0,0,1
"795","Huajicori",2020,"Feminicidio",0,0,0,0,0,0,0,0,0,0,0,0,0
"796","Ixtlán del Río",2020,"Feminicidio",0,0,0,0,0,0,0,0,0,0,0,0,0
"797","Jala",2020,"Feminicidio",0,0,0,0,0,0,0,0,0,0,0,0,0
"798","La Yesca",2020,"Feminicidio",0,0,0,0,0,0,0,0,0,0,0,0,0
"799","Rosamorada",2020,"Feminicidio",0,0,0,0,0,0,0,0,0,0,0,0,0
"800","Ruíz",2020,"Feminicidio",0,0,0,0,0,0,0,0,0,0,0,0,0
"801","San Blas",2020,"Feminicidio",0,0,0,0,0,0,0,0,0,0,0,0,0
"802","San Pedro Lagunillas",2020,"Feminicidio",0,1,0,0,0,0,0,0,0,0,0,0,1
"803","Santa María del Oro",2020,"Feminicidio",0,0,0,0,0,0,0,0,0,0,0,0,0
"804","Santiago Ixcuintla",2020,"Feminicidio",1,0,0,0,0,0,0,0,0,0,0,0,1
"805","Tecuala",2020,"Feminicidio",0,0,0,0,0,0,0,0,0,0,0,0,0
"806","Tepic",2020,"Feminicidio",0,0,0,0,1,0,0,0,1,0,0,0,2
"807","Tuxpan",2020,"Feminicidio",0,0,0,1,0,0,0,0,0,0,0,0,1
"808","Xalisco",2020,"Feminicidio",0,0,0,0,0,1,0,0,0,0,0,0,1
"809","Acaponeta",2020,"Hostigamiento sexual",0,0,0,0,0,0,0,0,0,0,0,0,0
"810","Ahuacatlán",2020,"Hostigamiento sexual",0,0,0,0,0,0,0,0,0,0,0,0,0
"811","Amatlán de Cañas",2020,"Hostigamiento sexual",0,0,0,0,0,0,0,0,0,0,0,0,0
"812","Bahía de Banderas",2020,"Hostigamiento sexual",0,0,0,0,0,0,0,0,0,0,0,0,0
"813","Compostela",2020,"Hostigamiento sexual",0,0,0,0,0,0,0,0,0,0,0,0,0
"814","Del Nayar",2020,"Hostigamiento sexual",0,0,0,0,0,0,0,0,0,0,0,0,0
"815","Huajicori",2020,"Hostigamiento sexual",0,0,0,0,0,0,0,0,0,0,0,0,0
"816","Ixtlán del Río",2020,"Hostigamiento sexual",0,0,0,0,0,0,0,0,0,0,0,0,0
"817","Jala",2020,"Hostigamiento sexual",0,0,0,0,0,0,0,0,0,0,0,0,0
"818","La Yesca",2020,"Hostigamiento sexual",0,0,0,0,0,0,0,0,0,0,0,0,0
"819","Rosamorada",2020,"Hostigamiento sexual",0,0,0,0,0,0,0,0,0,0,0,0,0
"820","Ruíz",2020,"Hostigamiento sexual",0,0,0,0,0,0,0,0,0,0,0,0,0
"821","San Blas",2020,"Hostigamiento sexual",0,0,0,0,0,0,0,0,0,0,0,0,0
"822","San Pedro Lagunillas",2020,"Hostigamiento sexual",0,0,0,0,0,0,0,0,0,0,0,0,0
"823","Santa María del Oro",2020,"Hostigamiento sexual",0,0,0,0,0,0,0,0,0,0,0,0,0
"824","Santiago Ixcuintla",2020,"Hostigamiento sexual",0,0,0,0,0,0,0,0,0,0,0,0,0
"825","Tecuala",2020,"Hostigamiento sexual",0,0,0,0,0,0,0,0,0,0,0,0,0
"826","Tepic",2020,"Hostigamiento sexual",0,0,0,0,0,0,0,0,0,0,0,0,0
"827","Tuxpan",2020,"Hostigamiento sexual",0,0,0,0,0,0,0,0,0,0,0,0,0
"828","Xalisco",2020,"Hostigamiento sexual",0,0,0,0,0,0,0,0,0,0,0,0,0
"829","Acaponeta",2020,"Violación",0,0,1,0,0,0,0,0,1,0,0,0,2
"830","Ahuacatlán",2020,"Violación",0,0,0,0,0,0,0,0,0,0,0,1,1
"831","Amatlán de Cañas",2020,"Violación",0,0,0,0,0,0,0,0,0,0,0,1,1
"832","Bahía de Banderas",2020,"Violación",0,0,2,0,0,0,0,0,0,0,0,0,2
"833","Compostela",2020,"Violación",0,0,0,0,0,0,0,0,1,0,0,0,1
"834","Del Nayar",2020,"Violación",0,0,0,0,0,0,0,1,0,0,0,1,2
"835","Huajicori",2020,"Violación",0,0,0,0,0,0,0,0,0,0,0,0,0
"836","Ixtlán del Río",2020,"Violación",0,0,0,0,0,0,1,0,0,0,0,0,1
"837","Jala",2020,"Violación",0,0,0,0,0,0,0,0,0,0,0,0,0
"838","La Yesca",2020,"Violación",0,0,1,0,0,0,0,0,0,0,0,0,1
"839","Rosamorada",2020,"Violación",0,0,0,0,0,0,0,0,0,0,0,0,0
"840","Ruíz",2020,"Violación",0,0,0,0,0,0,0,0,1,0,0,0,1
"841","San Blas",2020,"Violación",0,0,0,0,0,0,0,1,0,1,0,0,2
"842","San Pedro Lagunillas",2020,"Violación",0,0,0,0,0,0,0,0,0,0,0,0,0
"843","Santa María del Oro",2020,"Violación",0,0,0,0,0,0,0,0,0,0,0,0,0
"844","Santiago Ixcuintla",2020,"Violación",0,0,2,1,0,0,0,0,0,1,0,0,4
"845","Tecuala",2020,"Violación",0,0,0,0,0,0,0,0,0,0,0,0,0
"846","Tepic",2020,"Violación",0,0,0,0,0,0,0,0,0,1,1,0,2
"847","Tuxpan",2020,"Violación",0,0,0,0,0,0,1,0,0,0,0,0,1
"848","Xalisco",2020,"Violación",0,0,0,0,0,0,0,0,0,0,0,0,0
"849","Acaponeta",2020,"Violación",0,0,1,2,0,1,0,0,2,1,1,1,9
"850","Ahuacatlán",2020,"Violación",0,0,0,0,0,1,1,0,0,0,0,0,2
"851","Amatlán de Cañas",2020,"Violación",0,0,0,0,0,0,0,0,2,0,0,0,2
"852","Bahía de Banderas",2020,"Violación",2,1,4,0,1,1,1,5,1,1,1,0,18
"853","Compostela",2020,"Violación",1,0,0,1,0,0,0,0,0,0,1,2,5
"854","Del Nayar",2020,"Violación",0,1,0,0,0,0,1,1,2,0,0,0,5
"855","Huajicori",2020,"Violación",0,0,0,0,0,0,0,0,0,0,1,0,1
"856","Ixtlán del Río",2020,"Violación",0,0,0,0,0,0,1,0,0,0,1,1,3
"857","Jala",2020,"Violación",0,0,0,0,0,0,0,1,0,0,0,0,1
"858","La Yesca",2020,"Violación",0,0,0,0,0,0,0,0,0,0,0,0,0
"859","Rosamorada",2020,"Violación",1,0,0,1,0,0,0,0,0,0,0,0,2
"860","Ruíz",2020,"Violación",0,0,0,1,1,0,1,0,0,1,0,0,4
"861","San Blas",2020,"Violación",0,0,0,0,0,0,0,0,0,0,0,1,1
"862","San Pedro Lagunillas",2020,"Violación",0,0,0,0,0,0,0,1,0,0,0,0,1
"863","Santa María del Oro",2020,"Violación",0,0,0,2,0,0,1,0,0,0,0,0,3
"864","Santiago Ixcuintla",2020,"Violación",0,1,2,1,1,0,0,0,1,1,0,0,7
"865","Tecuala",2020,"Violación",0,0,1,0,0,1,0,0,1,0,0,0,3
"866","Tepic",2020,"Violación",2,2,3,4,4,4,4,7,12,8,4,5,59
"867","Tuxpan",2020,"Violación",0,0,1,0,0,1,0,0,0,0,0,0,2
"868","Xalisco",2020,"Violación",1,0,0,0,0,0,0,0,1,0,0,0,2
"869","Acaponeta",2020,"Violencia familiar",2,0,1,0,0,0,1,0,1,3,1,1,10
"870","Ahuacatlán",2020,"Violencia familiar",0,1,0,0,0,0,2,1,1,4,4,0,13
"871","Amatlán de Cañas",2020,"Violencia familiar",0,1,1,0,0,1,0,5,0,0,0,0,8
"872","Bahía de Banderas",2020,"Violencia familiar",11,23,13,22,16,16,29,13,26,18,16,18,221
"873","Compostela",2020,"Violencia familiar",2,0,2,1,0,3,1,3,3,5,6,0,26
"874","Del Nayar",2020,"Violencia familiar",0,0,0,1,0,0,0,0,0,0,0,0,1
"875","Huajicori",2020,"Violencia familiar",0,0,0,0,0,0,0,1,2,2,2,0,7
"876","Ixtlán del Río",2020,"Violencia familiar",0,6,5,1,2,1,1,11,6,6,5,6,50
"877","Jala",2020,"Violencia familiar",0,1,0,0,0,0,0,1,1,1,0,1,5
"878","La Yesca",2020,"Violencia familiar",0,1,0,0,0,0,0,0,0,0,0,0,1
"879","Rosamorada",2020,"Violencia familiar",2,0,0,2,2,1,0,1,0,0,1,2,11
"880","Ruíz",2020,"Violencia familiar",0,1,0,0,0,2,3,6,6,3,4,2,27
"881","San Blas",2020,"Violencia familiar",0,0,0,2,1,1,2,0,1,1,3,0,11
"882","San Pedro Lagunillas",2020,"Violencia familiar",0,0,0,0,0,2,0,0,3,0,0,0,5
"883","Santa María del Oro",2020,"Violencia familiar",3,0,1,0,0,1,0,0,3,0,1,1,10
"884","Santiago Ixcuintla",2020,"Violencia familiar",1,3,2,1,1,4,1,6,3,10,5,3,40
"885","Tecuala",2020,"Violencia familiar",3,3,6,0,0,0,0,0,1,8,13,1,35
"886","Tepic",2020,"Violencia familiar",35,55,46,13,23,35,22,25,19,28,15,31,347
"887","Tuxpan",2020,"Violencia familiar",0,0,0,0,1,0,0,1,1,3,2,1,9
"888","Xalisco",2020,"Violencia familiar",1,2,5,6,2,1,2,0,4,1,1,2,27
"889","Acaponeta",2021,"Abuso sexual",0,0,0,0,0,0,0,0,0,0,0,0,0
"890","Ahuacatlán",2021,"Abuso sexual",0,0,0,0,0,0,0,0,0,0,0,0,0
"891","Amatlán de Cañas",2021,"Abuso sexual",0,0,0,0,0,0,0,0,0,0,0,0,0
"892","Bahía de Banderas",2021,"Abuso sexual",0,0,0,0,0,0,0,0,0,0,0,0,0
"893","Compostela",2021,"Abuso sexual",0,0,0,0,0,0,0,0,0,0,0,0,0
"894","Del Nayar",2021,"Abuso sexual",0,0,0,0,0,0,0,0,0,0,0,0,0
"895","Huajicori",2021,"Abuso sexual",0,0,0,0,0,0,0,0,0,0,0,0,0
"896","Ixtlán del Río",2021,"Abuso sexual",0,0,0,0,0,0,0,0,0,0,0,0,0
"897","Jala",2021,"Abuso sexual",0,0,0,0,0,0,0,0,0,0,0,0,0
"898","La Yesca",2021,"Abuso sexual",0,0,0,0,0,0,0,0,0,0,0,0,0
"899","Rosamorada",2021,"Abuso sexual",0,0,0,0,0,0,0,0,0,0,0,0,0
"900","Ruíz",2021,"Abuso sexual",0,0,0,0,0,0,0,0,0,0,0,0,0
"901","San Blas",2021,"Abuso sexual",0,0,0,0,0,0,0,0,0,0,0,0,0
"902","San Pedro Lagunillas",2021,"Abuso sexual",0,0,0,0,0,0,0,0,0,0,0,0,0
"903","Santa María del Oro",2021,"Abuso sexual",0,0,0,0,0,0,0,0,0,0,0,0,0
"904","Santiago Ixcuintla",2021,"Abuso sexual",0,0,0,0,0,0,0,0,0,0,0,0,0
"905","Tecuala",2021,"Abuso sexual",0,0,0,0,0,0,0,0,0,0,0,0,0
"906","Tepic",2021,"Abuso sexual",0,0,0,0,0,0,0,0,0,0,0,0,0
"907","Tuxpan",2021,"Abuso sexual",0,0,0,0,0,0,0,0,0,0,0,0,0
"908","Xalisco",2021,"Abuso sexual",0,0,0,0,0,0,0,0,0,0,0,0,0
"909","Acaponeta",2021,"Acoso sexual",0,0,1,0,0,0,0,0,0,0,0,0,1
"910","Ahuacatlán",2021,"Acoso sexual",0,0,0,0,0,0,0,0,0,0,0,0,0
"911","Amatlán de Cañas",2021,"Acoso sexual",0,0,0,0,0,0,0,0,0,0,0,0,0
"912","Bahía de Banderas",2021,"Acoso sexual",0,0,0,0,1,0,0,0,0,0,0,0,1
"913","Compostela",2021,"Acoso sexual",0,0,0,0,0,0,0,0,0,0,0,0,0
"914","Del Nayar",2021,"Acoso sexual",0,0,0,0,0,0,0,0,0,0,0,0,0
"915","Huajicori",2021,"Acoso sexual",0,0,0,0,0,0,0,0,0,0,0,0,0
"916","Ixtlán del Río",2021,"Acoso sexual",0,0,0,0,0,0,1,0,0,0,0,0,1
"917","Jala",2021,"Acoso sexual",0,0,0,0,0,0,0,0,0,0,0,0,0
"918","La Yesca",2021,"Acoso sexual",0,0,0,0,0,0,0,0,0,0,0,0,0
"919","Rosamorada",2021,"Acoso sexual",0,0,0,0,0,0,0,0,0,0,0,0,0
"920","Ruíz",2021,"Acoso sexual",0,0,0,0,0,0,0,0,0,0,0,0,0
"921","San Blas",2021,"Acoso sexual",0,0,0,0,0,0,0,0,0,0,0,0,0
"922","San Pedro Lagunillas",2021,"Acoso sexual",0,0,0,0,0,0,0,0,0,0,0,0,0
"923","Santa María del Oro",2021,"Acoso sexual",0,0,0,0,0,0,0,0,0,0,0,0,0
"924","Santiago Ixcuintla",2021,"Acoso sexual",0,0,0,0,0,0,0,0,0,1,0,0,1
"925","Tecuala",2021,"Acoso sexual",0,0,0,0,0,0,0,0,0,0,0,0,0
"926","Tepic",2021,"Acoso sexual",2,1,1,2,0,0,1,0,1,1,0,0,9
"927","Tuxpan",2021,"Acoso sexual",0,0,0,0,0,0,0,0,0,0,0,0,0
"928","Xalisco",2021,"Acoso sexual",0,0,0,0,0,0,0,0,0,0,0,0,0
"929","Acaponeta",2021,"Feminicidio",0,0,0,0,0,0,0,0,0,0,0,0,0
"930","Ahuacatlán",2021,"Feminicidio",0,0,0,0,0,0,0,0,0,0,0,0,0
"931","Amatlán de Cañas",2021,"Feminicidio",0,0,0,0,0,0,0,0,0,0,0,0,0
"932","Bahía de Banderas",2021,"Feminicidio",0,1,0,0,0,0,0,0,1,0,0,0,2
"933","Compostela",2021,"Feminicidio",0,0,0,0,0,0,0,0,0,0,0,0,0
"934","Del Nayar",2021,"Feminicidio",0,0,0,0,0,0,0,0,0,0,1,0,1
"935","Huajicori",2021,"Feminicidio",0,0,0,0,0,0,0,0,0,0,0,0,0
"936","Ixtlán del Río",2021,"Feminicidio",0,0,0,0,0,0,0,0,0,0,0,0,0
"937","Jala",2021,"Feminicidio",0,0,0,0,0,0,0,0,0,0,0,0,0
"938","La Yesca",2021,"Feminicidio",0,0,0,0,0,0,0,0,0,0,0,0,0
"939","Rosamorada",2021,"Feminicidio",0,0,0,0,0,0,0,0,0,0,0,0,0
"940","Ruíz",2021,"Feminicidio",0,0,0,0,0,0,0,0,0,0,0,0,0
"941","San Blas",2021,"Feminicidio",0,0,0,0,0,0,0,0,0,0,0,0,0
"942","San Pedro Lagunillas",2021,"Feminicidio",0,0,0,0,0,0,0,0,0,0,0,0,0
"943","Santa María del Oro",2021,"Feminicidio",0,0,0,0,0,0,0,0,0,0,0,0,0
"944","Santiago Ixcuintla",2021,"Feminicidio",0,0,1,0,0,0,0,0,0,0,0,1,2
"945","Tecuala",2021,"Feminicidio",0,0,0,0,0,0,0,0,0,0,0,0,0
"946","Tepic",2021,"Feminicidio",0,0,0,0,0,0,0,1,0,0,0,0,1
"947","Tuxpan",2021,"Feminicidio",0,0,0,0,0,0,0,0,0,0,0,0,0
"948","Xalisco",2021,"Feminicidio",0,0,0,0,0,0,0,1,0,0,0,0,1
"949","Acaponeta",2021,"Hostigamiento sexual",0,0,0,0,0,0,0,0,0,0,0,0,0
"950","Ahuacatlán",2021,"Hostigamiento sexual",0,0,0,0,0,0,0,0,0,0,0,0,0
"951","Amatlán de Cañas",2021,"Hostigamiento sexual",0,0,0,0,0,0,0,0,0,0,0,0,0
"952","Bahía de Banderas",2021,"Hostigamiento sexual",0,0,0,0,0,0,0,0,0,0,0,0,0
"953","Compostela",2021,"Hostigamiento sexual",0,0,0,0,0,0,0,0,0,0,0,0,0
"954","Del Nayar",2021,"Hostigamiento sexual",0,0,0,0,0,0,0,0,0,0,0,0,0
"955","Huajicori",2021,"Hostigamiento sexual",0,0,0,0,0,0,0,0,0,0,0,0,0
"956","Ixtlán del Río",2021,"Hostigamiento sexual",0,0,0,0,0,0,0,0,0,0,0,0,0
"957","Jala",2021,"Hostigamiento sexual",0,0,0,0,0,0,0,0,0,0,0,0,0
"958","La Yesca",2021,"Hostigamiento sexual",0,0,0,0,0,0,0,0,0,0,0,0,0
"959","Rosamorada",2021,"Hostigamiento sexual",0,0,0,0,0,0,0,0,0,0,0,0,0
"960","Ruíz",2021,"Hostigamiento sexual",0,0,0,0,0,0,0,0,0,0,0,0,0
"961","San Blas",2021,"Hostigamiento sexual",0,0,0,0,0,0,0,0,0,0,0,0,0
"962","San Pedro Lagunillas",2021,"Hostigamiento sexual",0,0,0,0,0,0,0,0,0,0,0,0,0
"963","Santa María del Oro",2021,"Hostigamiento sexual",0,0,0,0,0,0,0,0,0,0,0,0,0
"964","Santiago Ixcuintla",2021,"Hostigamiento sexual",0,0,0,0,0,0,0,0,0,0,0,0,0
"965","Tecuala",2021,"Hostigamiento sexual",0,0,0,0,0,0,0,0,0,0,0,0,0
"966","Tepic",2021,"Hostigamiento sexual",0,0,0,0,0,0,0,0,0,0,0,0,0
"967","Tuxpan",2021,"Hostigamiento sexual",0,0,0,0,0,0,0,0,0,0,0,0,0
"968","Xalisco",2021,"Hostigamiento sexual",0,0,0,0,0,0,0,0,0,0,0,0,0
"969","Acaponeta",2021,"Violación",0,0,0,0,0,0,0,0,0,0,0,0,0
"970","Ahuacatlán",2021,"Violación",0,0,0,0,0,0,0,0,0,0,0,0,0
"971","Amatlán de Cañas",2021,"Violación",0,0,0,0,0,0,0,0,0,0,0,0,0
"972","Bahía de Banderas",2021,"Violación",0,0,0,1,0,0,0,0,0,0,1,0,2
"973","Compostela",2021,"Violación",0,0,0,0,0,0,1,0,1,0,0,0,2
"974","Del Nayar",2021,"Violación",0,0,0,0,0,0,0,0,0,1,0,0,1
"975","Huajicori",2021,"Violación",0,0,0,0,0,0,0,0,0,0,0,0,0
"976","Ixtlán del Río",2021,"Violación",0,0,0,1,0,0,1,0,0,1,0,0,3
"977","Jala",2021,"Violación",0,0,0,0,0,0,0,0,0,0,0,0,0
"978","La Yesca",2021,"Violación",0,0,0,0,0,0,0,0,0,0,0,0,0
"979","Rosamorada",2021,"Violación",0,0,0,0,0,0,0,0,0,0,0,0,0
"980","Ruíz",2021,"Violación",0,0,0,0,1,0,0,0,0,0,0,0,1
"981","San Blas",2021,"Violación",1,0,1,0,0,0,0,0,0,0,0,0,2
"982","San Pedro Lagunillas",2021,"Violación",0,0,1,0,0,0,0,0,0,0,0,0,1
"983","Santa María del Oro",2021,"Violación",0,0,0,1,0,0,0,0,0,0,0,0,1
"984","Santiago Ixcuintla",2021,"Violación",0,2,0,0,1,0,1,0,0,0,0,0,4
"985","Tecuala",2021,"Violación",0,0,0,0,0,0,0,0,0,0,0,0,0
"986","Tepic",2021,"Violación",0,0,1,0,0,0,0,0,0,0,0,0,1
"987","Tuxpan",2021,"Violación",0,1,0,0,0,0,0,0,0,0,1,1,3
"988","Xalisco",2021,"Violación",0,0,0,0,0,0,0,0,0,0,0,0,0
"989","Acaponeta",2021,"Violación",0,1,1,0,0,0,1,0,0,0,0,0,3
"990","Ahuacatlán",2021,"Violación",0,0,0,0,0,0,0,0,0,0,0,1,1
"991","Amatlán de Cañas",2021,"Violación",0,0,0,1,0,0,0,0,1,0,0,1,3
"992","Bahía de Banderas",2021,"Violación",2,2,2,1,2,2,3,4,1,2,2,4,27
"993","Compostela",2021,"Violación",0,1,2,0,0,0,1,2,1,2,1,1,11
"994","Del Nayar",2021,"Violación",1,0,0,0,0,1,1,0,0,0,1,0,4
"995","Huajicori",2021,"Violación",0,0,0,0,0,0,0,0,1,0,0,0,1
"996","Ixtlán del Río",2021,"Violación",0,0,0,1,0,0,1,2,0,0,0,0,4
"997","Jala",2021,"Violación",0,0,0,0,0,0,0,0,0,0,0,0,0
"998","La Yesca",2021,"Violación",1,0,0,0,1,0,0,0,0,0,0,0,2
"999","Rosamorada",2021,"Violación",0,0,0,0,0,0,1,0,0,1,0,1,3
"1000","Ruíz",2021,"Violación",0,0,0,0,1,0,0,0,0,0,1,0,2
"1001","San Blas",2021,"Violación",0,0,2,0,0,0,0,0,2,0,0,1,5
"1002","San Pedro Lagunillas",2021,"Violación",0,0,0,0,0,0,0,0,0,1,0,0,1
"1003","Santa María del Oro",2021,"Violación",0,0,0,2,0,0,0,0,1,1,1,0,5
"1004","Santiago Ixcuintla",2021,"Violación",1,1,0,0,1,2,0,1,0,1,0,2,9
"1005","Tecuala",2021,"Violación",1,1,0,0,0,0,0,0,0,0,0,0,2
"1006","Tepic",2021,"Violación",11,9,9,9,5,5,10,4,11,6,8,3,90
"1007","Tuxpan",2021,"Violación",0,0,0,0,1,0,0,0,0,1,0,1,3
"1008","Xalisco",2021,"Violación",0,0,0,1,0,0,0,0,2,1,0,0,4
"1009","Acaponeta",2021,"Violencia familiar",3,0,1,2,3,0,0,1,1,2,3,0,16
"1010","Ahuacatlán",2021,"Violencia familiar",3,3,4,0,6,1,2,0,1,1,1,0,22
"1011","Amatlán de Cañas",2021,"Violencia familiar",0,0,0,1,0,0,0,0,0,0,0,0,1
"1012","Bahía de Banderas",2021,"Violencia familiar",15,29,11,25,18,30,35,19,23,19,11,21,256
"1013","Compostela",2021,"Violencia familiar",2,2,5,3,4,4,5,6,5,8,3,2,49
"1014","Del Nayar",2021,"Violencia familiar",1,0,0,0,0,0,0,0,0,1,0,0,2
"1015","Huajicori",2021,"Violencia familiar",0,0,0,0,0,0,0,0,0,0,0,0,0
"1016","Ixtlán del Río",2021,"Violencia familiar",3,3,4,3,4,2,0,0,3,3,2,3,30
"1017","Jala",2021,"Violencia familiar",1,3,0,2,0,2,2,3,1,1,1,0,16
"1018","La Yesca",2021,"Violencia familiar",0,0,0,0,0,0,0,2,0,0,0,0,2
"1019","Rosamorada",2021,"Violencia familiar",0,0,1,0,0,1,0,3,0,1,2,1,9
"1020","Ruíz",2021,"Violencia familiar",0,0,2,3,1,2,4,2,1,2,1,2,20
"1021","San Blas",2021,"Violencia familiar",0,0,5,2,1,0,1,0,1,2,8,1,21
"1022","San Pedro Lagunillas",2021,"Violencia familiar",0,0,0,0,0,0,1,0,0,0,0,1,2
"1023","Santa María del Oro",2021,"Violencia familiar",2,0,3,0,4,0,0,0,0,6,0,2,17
"1024","Santiago Ixcuintla",2021,"Violencia familiar",2,3,1,6,5,2,1,2,9,4,10,4,49
"1025","Tecuala",2021,"Violencia familiar",0,0,0,1,1,2,1,2,7,1,3,2,20
"1026","Tepic",2021,"Violencia familiar",42,37,44,39,38,44,43,46,53,45,50,33,514
"1027","Tuxpan",2021,"Violencia familiar",0,0,0,0,0,1,0,0,0,1,0,0,2
"1028","Xalisco",2021,"Violencia familiar",1,2,1,1,3,1,2,0,2,0,1,1,15
"1029","Acaponeta",2022,"Abuso sexual",0,0,0,0,0,0,0,0,0,0,0,0,0
"1030","Ahuacatlán",2022,"Abuso sexual",0,0,0,0,0,0,0,0,0,0,0,0,0
"1031","Amatlán de Cañas",2022,"Abuso sexual",0,0,0,0,0,0,0,0,0,0,0,0,0
"1032","Bahía de Banderas",2022,"Abuso sexual",0,0,0,0,0,0,0,0,0,0,0,0,0
"1033","Compostela",2022,"Abuso sexual",0,0,0,0,0,0,0,0,0,0,0,0,0
"1034","Del Nayar",2022,"Abuso sexual",0,0,0,0,0,0,0,0,0,0,0,0,0
"1035","Huajicori",2022,"Abuso sexual",0,0,0,0,0,0,0,0,0,0,0,0,0
"1036","Ixtlán del Río",2022,"Abuso sexual",0,0,0,0,0,0,0,0,0,0,0,0,0
"1037","Jala",2022,"Abuso sexual",0,0,0,0,0,0,0,0,0,0,0,0,0
"1038","La Yesca",2022,"Abuso sexual",0,0,0,0,0,0,0,0,0,0,0,0,0
"1039","Rosamorada",2022,"Abuso sexual",0,0,0,0,0,0,0,0,0,0,0,0,0
"1040","Ruíz",2022,"Abuso sexual",0,0,0,0,0,0,0,0,0,0,0,0,0
"1041","San Blas",2022,"Abuso sexual",0,0,0,0,0,0,0,0,0,0,0,0,0
"1042","San Pedro Lagunillas",2022,"Abuso sexual",0,0,0,0,0,0,0,0,0,0,0,0,0
"1043","Santa María del Oro",2022,"Abuso sexual",0,0,0,0,0,0,0,0,0,0,0,0,0
"1044","Santiago Ixcuintla",2022,"Abuso sexual",0,0,0,0,0,0,0,0,0,0,0,0,0
"1045","Tecuala",2022,"Abuso sexual",0,0,0,0,0,0,0,0,0,0,0,0,0
"1046","Tepic",2022,"Abuso sexual",0,0,0,0,0,0,0,0,0,0,0,0,0
"1047","Tuxpan",2022,"Abuso sexual",0,0,0,0,0,0,0,0,0,0,0,0,0
"1048","Xalisco",2022,"Abuso sexual",0,0,0,0,0,0,0,0,0,0,0,0,0
"1049","Acaponeta",2022,"Acoso sexual",0,0,0,0,0,0,0,0,1,0,0,0,1
"1050","Ahuacatlán",2022,"Acoso sexual",0,0,0,0,0,1,0,0,0,0,0,0,1
"1051","Amatlán de Cañas",2022,"Acoso sexual",0,0,0,0,0,0,0,0,0,0,0,0,0
"1052","Bahía de Banderas",2022,"Acoso sexual",0,0,0,0,0,0,0,0,0,0,0,2,2
"1053","Compostela",2022,"Acoso sexual",0,1,0,0,0,0,0,0,0,0,0,0,1
"1054","Del Nayar",2022,"Acoso sexual",0,0,0,0,0,0,0,0,0,0,0,0,0
"1055","Huajicori",2022,"Acoso sexual",0,0,0,0,0,0,0,0,0,0,0,0,0
"1056","Ixtlán del Río",2022,"Acoso sexual",0,0,0,0,0,0,0,0,0,0,0,0,0
"1057","Jala",2022,"Acoso sexual",0,0,0,0,0,0,0,0,0,0,0,0,0
"1058","La Yesca",2022,"Acoso sexual",0,0,0,0,0,0,0,0,0,0,0,0,0
"1059","Rosamorada",2022,"Acoso sexual",0,0,0,0,0,0,0,0,0,1,0,0,1
"1060","Ruíz",2022,"Acoso sexual",0,0,0,0,0,0,0,0,0,0,1,0,1
"1061","San Blas",2022,"Acoso sexual",0,0,0,0,0,0,0,0,0,0,0,0,0
"1062","San Pedro Lagunillas",2022,"Acoso sexual",0,0,0,0,0,0,0,0,0,0,0,0,0
"1063","Santa María del Oro",2022,"Acoso sexual",0,0,0,0,0,0,0,0,0,0,0,0,0
"1064","Santiago Ixcuintla",2022,"Acoso sexual",0,0,0,0,0,0,1,1,0,1,0,1,4
"1065","Tecuala",2022,"Acoso sexual",0,1,0,0,0,0,0,0,1,0,0,1,3
"1066","Tepic",2022,"Acoso sexual",1,0,1,1,1,3,1,0,5,6,5,6,30
"1067","Tuxpan",2022,"Acoso sexual",0,0,0,0,0,0,0,0,0,0,0,0,0
"1068","Xalisco",2022,"Acoso sexual",0,0,0,0,0,0,0,0,0,0,0,0,0
"1069","Acaponeta",2022,"Feminicidio",0,0,0,0,0,0,0,0,0,0,0,0,0
"1070","Ahuacatlán",2022,"Feminicidio",0,0,0,0,0,0,0,0,0,0,0,0,0
"1071","Amatlán de Cañas",2022,"Feminicidio",0,0,0,0,0,0,0,0,0,0,0,0,0
"1072","Bahía de Banderas",2022,"Feminicidio",0,0,0,0,0,0,0,0,0,0,0,0,0
"1073","Compostela",2022,"Feminicidio",0,0,0,0,0,0,0,0,0,0,0,0,0
"1074","Del Nayar",2022,"Feminicidio",0,0,0,0,0,0,1,0,0,0,0,0,1
"1075","Huajicori",2022,"Feminicidio",0,0,0,0,0,0,0,0,0,0,0,0,0
"1076","Ixtlán del Río",2022,"Feminicidio",0,0,0,0,0,0,0,0,0,0,0,0,0
"1077","Jala",2022,"Feminicidio",0,0,0,0,0,0,0,0,0,0,0,0,0
"1078","La Yesca",2022,"Feminicidio",0,0,0,0,0,0,0,0,0,0,0,0,0
"1079","Rosamorada",2022,"Feminicidio",0,0,0,0,0,0,0,0,0,0,0,0,0
"1080","Ruíz",2022,"Feminicidio",0,0,0,0,0,0,0,0,0,0,0,0,0
"1081","San Blas",2022,"Feminicidio",0,0,0,0,0,0,0,0,0,0,0,0,0
"1082","San Pedro Lagunillas",2022,"Feminicidio",0,0,0,0,0,0,0,0,0,0,0,0,0
"1083","Santa María del Oro",2022,"Feminicidio",0,0,0,0,0,0,0,0,0,0,0,0,0
"1084","Santiago Ixcuintla",2022,"Feminicidio",0,0,0,0,0,0,0,0,0,0,0,0,0
"1085","Tecuala",2022,"Feminicidio",0,0,0,0,0,0,0,0,0,0,0,0,0
"1086","Tepic",2022,"Feminicidio",0,0,0,0,1,0,0,0,0,0,0,0,1
"1087","Tuxpan",2022,"Feminicidio",0,0,0,0,0,0,0,0,0,0,0,0,0
"1088","Xalisco",2022,"Feminicidio",0,0,0,0,0,0,0,0,0,0,0,0,0
"1089","Acaponeta",2022,"Hostigamiento sexual",0,0,0,0,0,0,0,0,0,0,0,0,0
"1090","Ahuacatlán",2022,"Hostigamiento sexual",0,0,0,0,0,0,0,0,0,0,0,0,0
"1091","Amatlán de Cañas",2022,"Hostigamiento sexual",0,0,0,0,0,0,0,0,0,0,0,0,0
"1092","Bahía de Banderas",2022,"Hostigamiento sexual",0,0,0,0,0,0,0,0,0,0,0,0,0
"1093","Compostela",2022,"Hostigamiento sexual",0,0,0,0,0,0,0,0,0,0,0,0,0
"1094","Del Nayar",2022,"Hostigamiento sexual",0,0,0,0,0,0,0,0,0,0,0,0,0
"1095","Huajicori",2022,"Hostigamiento sexual",0,0,0,0,0,0,0,0,0,0,0,0,0
"1096","Ixtlán del Río",2022,"Hostigamiento sexual",0,0,0,0,0,0,0,0,0,0,0,0,0
"1097","Jala",2022,"Hostigamiento sexual",0,0,0,0,0,0,0,0,0,0,0,0,0
"1098","La Yesca",2022,"Hostigamiento sexual",0,0,0,0,0,0,0,0,0,0,0,0,0
"1099","Rosamorada",2022,"Hostigamiento sexual",0,0,0,0,0,0,0,0,0,0,0,0,0
"1100","Ruíz",2022,"Hostigamiento sexual",0,0,0,0,0,0,0,0,0,0,0,0,0
"1101","San Blas",2022,"Hostigamiento sexual",0,0,0,0,0,0,0,0,0,0,0,0,0
"1102","San Pedro Lagunillas",2022,"Hostigamiento sexual",0,0,0,0,0,0,0,0,0,0,0,0,0
"1103","Santa María del Oro",2022,"Hostigamiento sexual",0,0,0,0,0,0,0,0,0,0,0,0,0
"1104","Santiago Ixcuintla",2022,"Hostigamiento sexual",0,0,0,0,0,0,0,0,0,0,0,0,0
"1105","Tecuala",2022,"Hostigamiento sexual",0,0,0,0,0,0,0,0,0,0,0,0,0
"1106","Tepic",2022,"Hostigamiento sexual",0,0,0,0,0,0,0,0,0,0,0,0,0
"1107","Tuxpan",2022,"Hostigamiento sexual",0,0,0,0,0,0,0,0,0,0,0,0,0
"1108","Xalisco",2022,"Hostigamiento sexual",0,0,0,0,0,0,0,0,0,0,0,0,0
"1109","Acaponeta",2022,"Violación",1,0,0,0,0,0,0,0,0,0,0,0,1
"1110","Ahuacatlán",2022,"Violación",0,0,0,0,0,0,0,0,0,0,1,0,1
"1111","Amatlán de Cañas",2022,"Violación",0,0,0,0,0,0,0,0,0,1,0,0,1
"1112","Bahía de Banderas",2022,"Violación",0,0,0,0,0,0,0,0,0,0,2,0,2
"1113","Compostela",2022,"Violación",0,0,0,0,0,2,0,0,0,0,0,1,3
"1114","Del Nayar",2022,"Violación",0,0,0,0,0,0,0,0,0,0,0,0,0
"1115","Huajicori",2022,"Violación",0,0,0,0,0,0,0,0,0,0,0,0,0
"1116","Ixtlán del Río",2022,"Violación",0,0,0,0,0,0,0,2,0,0,0,0,2
"1117","Jala",2022,"Violación",0,0,0,0,0,0,0,0,0,0,0,0,0
"1118","La Yesca",2022,"Violación",0,0,0,0,0,1,0,0,0,0,0,0,1
"1119","Rosamorada",2022,"Violación",0,0,0,0,0,0,0,1,0,0,0,0,1
"1120","Ruíz",2022,"Violación",0,0,2,0,0,0,0,0,0,0,0,1,3
"1121","San Blas",2022,"Violación",0,0,1,0,1,0,0,1,0,1,1,1,6
"1122","San Pedro Lagunillas",2022,"Violación",0,0,0,0,0,0,0,0,0,0,0,0,0
"1123","Santa María del Oro",2022,"Violación",0,0,0,0,0,0,0,1,0,0,0,0,1
"1124","Santiago Ixcuintla",2022,"Violación",0,1,0,0,1,0,0,0,1,0,2,0,5
"1125","Tecuala",2022,"Violación",0,0,0,1,0,0,0,0,0,0,0,0,1
"1126","Tepic",2022,"Violación",0,0,0,1,0,1,0,0,0,0,1,0,3
"1127","Tuxpan",2022,"Violación",0,0,0,0,0,0,0,0,0,0,0,0,0
"1128","Xalisco",2022,"Violación",0,0,0,0,0,0,1,0,0,0,1,0,2
"1129","Acaponeta",2022,"Violación",1,0,0,0,0,0,0,1,0,0,0,0,2
"1130","Ahuacatlán",2022,"Violación",1,0,0,0,0,0,0,0,0,0,0,0,1
"1131","Amatlán de Cañas",2022,"Violación",0,0,0,0,0,0,0,1,0,0,0,0,1
"1132","Bahía de Banderas",2022,"Violación",1,2,1,5,6,5,3,5,3,8,1,2,42
"1133","Compostela",2022,"Violación",0,1,2,1,0,1,3,3,2,1,2,0,16
"1134","Del Nayar",2022,"Violación",0,0,2,0,0,0,0,1,0,1,1,0,5
"1135","Huajicori",2022,"Violación",0,1,0,1,1,1,0,1,0,0,0,0,5
"1136","Ixtlán del Río",2022,"Violación",1,0,0,0,0,0,0,0,0,1,0,1,3
"1137","Jala",2022,"Violación",0,0,0,0,0,0,0,0,0,0,0,0,0
"1138","La Yesca",2022,"Violación",0,0,1,0,0,0,0,0,0,0,1,0,2
"1139","Rosamorada",2022,"Violación",0,1,1,0,1,1,1,0,1,0,1,0,7
"1140","Ruíz",2022,"Violación",0,0,0,0,0,0,0,1,0,1,1,0,3
"1141","San Blas",2022,"Violación",0,0,0,0,0,0,1,0,1,1,0,0,3
"1142","San Pedro Lagunillas",2022,"Violación",0,0,0,0,0,0,0,0,0,0,0,0,0
"1143","Santa María del Oro",2022,"Violación",2,0,0,0,1,0,0,0,1,0,0,0,4
"1144","Santiago Ixcuintla",2022,"Violación",1,0,1,4,1,0,2,1,1,2,0,2,15
"1145","Tecuala",2022,"Violación",0,0,0,0,0,0,0,0,0,1,2,0,3
"1146","Tepic",2022,"Violación",3,7,15,9,12,12,8,19,22,22,12,3,144
"1147","Tuxpan",2022,"Violación",0,0,1,0,2,0,1,0,0,1,1,0,6
"1148","Xalisco",2022,"Violación",1,0,1,0,0,1,0,0,0,1,0,2,6
"1149","Acaponeta",2022,"Violencia familiar",0,3,3,1,1,0,2,2,4,0,8,4,28
"1150","Ahuacatlán",2022,"Violencia familiar",0,2,0,0,4,1,1,1,0,2,3,0,14
"1151","Amatlán de Cañas",2022,"Violencia familiar",0,0,1,0,0,0,0,1,1,1,1,0,5
"1152","Bahía de Banderas",2022,"Violencia familiar",21,12,20,34,28,20,41,55,49,45,28,22,375
"1153","Compostela",2022,"Violencia familiar",4,6,11,7,6,6,15,7,17,16,9,3,107
"1154","Del Nayar",2022,"Violencia familiar",0,0,0,2,0,1,1,1,2,1,5,0,13
"1155","Huajicori",2022,"Violencia familiar",1,3,0,1,2,2,1,1,2,0,3,0,16
"1156","Ixtlán del Río",2022,"Violencia familiar",2,5,3,5,6,6,4,8,7,6,7,1,60
"1157","Jala",2022,"Violencia familiar",2,0,1,1,1,2,1,7,2,1,1,0,19
"1158","La Yesca",2022,"Violencia familiar",0,0,0,0,0,0,0,0,0,0,0,0,0
"1159","Rosamorada",2022,"Violencia familiar",3,0,2,2,2,2,1,2,7,2,2,1,26
"1160","Ruíz",2022,"Violencia familiar",1,0,2,5,1,7,1,1,9,10,4,2,43
"1161","San Blas",2022,"Violencia familiar",3,0,0,3,6,1,5,5,12,9,6,4,54
"1162","San Pedro Lagunillas",2022,"Violencia familiar",1,1,0,0,6,0,0,2,2,5,1,0,18
"1163","Santa María del Oro",2022,"Violencia familiar",0,0,0,0,1,0,2,1,0,3,1,0,8
"1164","Santiago Ixcuintla",2022,"Violencia familiar",8,19,6,7,16,8,1,4,24,11,5,2,111
"1165","Tecuala",2022,"Violencia familiar",1,2,1,1,3,1,0,6,5,4,5,6,35
"1166","Tepic",2022,"Violencia familiar",35,55,53,63,83,74,39,111,135,141,97,63,949
"1167","Tuxpan",2022,"Violencia familiar",1,1,0,1,4,3,1,4,5,2,3,1,26
"1168","Xalisco",2022,"Violencia familiar",0,4,0,6,3,4,0,4,11,2,5,1,40
